Bell No,Actual Time,Contest Model,HawkEar Model,RWP Model,Metronomic Model
1,1990,1990,1990,2143.19,1990
2,2180,2216.84,2216.84,2358.22,2200.87
3,2430,2443.68,2443.68,2573.25,2411.74
4,2730,2670.53,2670.53,2788.29,2622.61
5,2980,2897.37,2897.37,3003.32,2833.47
6,3230,3124.21,3124.21,3218.35,3044.34
7,3410,3351.05,3351.05,3433.39,3255.21
8,3620,3577.89,3577.89,3648.42,3466.08
9,3840,3804.74,3804.74,3863.45,3676.95
10,4100,4031.58,4031.58,4078.48,3887.82
1,4410,4258.42,4258.42,4293.52,4098.68
2,4570,4485.26,4485.26,4508.55,4309.55
3,4790,4712.11,4712.11,4723.58,4520.42
4,5020,4938.95,4938.95,4938.61,4731.29
5,5170,5165.79,5165.79,5153.65,4942.16
6,5430,5392.63,5392.63,5368.68,5153.03
7,5630,5619.47,5619.47,5583.71,5363.9
8,5840,5846.32,5846.32,5798.75,5574.76
9,6050,6073.16,6073.16,6013.78,5785.63
10,6300,6300,6300,6228.81,5996.5
1,6780,6771.28,6765.57,6741.69,6418.24
2,6990,6983.05,6977.79,6956.72,6629.11
3,7200,7194.83,7190,7171.75,6839.98
4,7460,7406.6,7402.21,7386.79,7050.84
5,7630,7618.37,7614.43,7601.82,7261.71
6,7870,7830.15,7826.64,7816.85,7472.58
7,8040,8041.92,8038.85,8031.89,7683.45
8,8180,8253.7,8251.07,8246.92,7894.32
9,8410,8465.47,8463.28,8461.95,8105.19
10,8630,8677.25,8675.49,8676.98,8316.05
1,8900,8889.02,8887.71,8892.02,8526.92
2,9120,9100.8,9099.92,9107.05,8737.79
3,9330,9312.57,9312.13,9322.08,8948.66
4,9530,9524.34,9524.35,9537.11,9159.53
5,9750,9736.12,9736.56,9752.15,9370.4
6,9970,9947.89,9948.77,9967.18,9581.27
7,10160,10159.7,10161,10182.2,9792.13
8,10390,10371.4,10373.2,10397.2,10003
9,10570,10583.2,10585.4,10612.3,10213.9
10,10780,10795,10797.6,10827.3,10424.7
1,11220,11231.4,11222.1,11210.8,10846.5
2,11460,11439.4,11430.8,11420.7,11057.3
3,11630,11647.4,11639.6,11630.6,11268.2
4,11870,11855.4,11848.3,11840.5,11479.1
5,12060,12063.4,12057,12050.4,11690
6,12280,12271.4,12265.7,12260.4,11900.8
7,12460,12479.5,12474.4,12470.3,12111.7
8,12690,12687.5,12683.2,12680.2,12322.6
9,12870,12895.5,12891.9,12890.1,12533.4
10,13100,13103.5,13100.6,13100,12744.3
1,13290,13311.5,13309.3,13310,12955.2
2,13490,13519.5,13518,13519.9,13166
3,13740,13727.5,13726.8,13729.8,13376.9
4,13910,13935.5,13935.5,13939.7,13587.8
5,14120,14143.5,14144.2,14149.6,13798.6
6,14340,14351.5,14352.9,14359.6,14009.5
7,14550,14559.5,14561.6,14569.5,14220.4
8,14830,14767.5,14770.4,14779.4,14431.2
9,14990,14975.5,14979.1,14989.3,14642.1
10,15200,15183.5,15187.8,15199.2,14853
1,15610,15627.3,15617.2,15603.4,15274.7
2,15860,15833.8,15824.5,15812.4,15485.6
3,16060,16040.3,16031.7,16021.4,15696.5
4,16260,16246.8,16239,16230.4,15907.3
5,16450,16453.2,16446.3,16439.4,16118.2
6,16690,16659.7,16653.5,16648.4,16329.1
7,16850,16866.2,16860.8,16857.5,16539.9
8,17060,17072.7,17068,17066.5,16750.8
9,17250,17279.2,17275.3,17275.5,16961.7
10,17450,17485.7,17482.6,17484.5,17172.5
1,17670,17692.1,17689.8,17693.5,17383.4
2,17930,17898.6,17897.1,17902.5,17594.3
3,18110,18105.1,18104.4,18111.5,17805.1
4,18300,18311.6,18311.6,18320.5,18016
5,18530,18518.1,18518.9,18529.6,18226.9
6,18730,18724.6,18726.1,18738.6,18437.7
7,18890,18931.1,18933.4,18947.6,18648.6
8,19160,19137.5,19140.7,19156.6,18859.5
9,19340,19344,19347.9,19365.6,19070.3
10,19580,19550.5,19555.2,19574.6,19281.2
1,20020,20003,19985.2,19991.9,19703
2,20220,20209.9,20192.8,20200.3,19913.8
3,20450,20416.8,20400.5,20408.6,20124.7
4,20660,20623.8,20608.2,20617,20335.6
5,20850,20830.7,20815.8,20825.4,20546.4
6,21040,21037.6,21023.5,21033.8,20757.3
7,21220,21244.5,21231.2,21242.2,20968.2
8,21420,21451.5,21438.8,21450.5,21179
9,21630,21658.4,21646.5,21658.9,21389.9
10,21840,21865.3,21854.2,21867.3,21600.8
1,22090,22072.2,22061.9,22075.7,21811.6
2,22310,22279.1,22269.5,22284.1,22022.5
3,22510,22486.1,22477.2,22492.5,22233.4
4,22690,22693,22684.9,22700.8,22444.2
5,22890,22899.9,22892.5,22909.2,22655.1
6,23070,23106.8,23100.2,23117.6,22866
7,23290,23313.8,23307.9,23326,23076.8
8,23520,23520.7,23515.5,23534.4,23287.7
9,23750,23727.6,23723.2,23742.7,23498.6
10,23960,23934.5,23930.9,23951.1,23709.5
1,24360,24374.7,24350.6,24358.2,24131.2
2,24590,24580.5,24558.4,24565.7,24342.1
3,24800,24786.4,24766.1,24773.1,24552.9
4,25000,24992.2,24973.9,24980.6,24763.8
5,25230,25198,25181.6,25188,24974.7
6,25420,25403.9,25389.4,25395.5,25185.5
7,25600,25609.7,25597.1,25602.9,25396.4
8,25800,25815.6,25804.9,25810.4,25607.3
9,25990,26021.4,26012.6,26017.8,25818.1
10,26180,26227.3,26220.4,26225.3,26029
1,26410,26433.1,26428.1,26432.7,26239.9
2,26660,26639,26635.9,26640.2,26450.7
3,26840,26844.8,26843.6,26847.6,26661.6
4,27050,27050.6,27051.4,27055.1,26872.5
5,27250,27256.5,27259.1,27262.5,27083.3
6,27470,27462.3,27466.9,27470,27294.2
7,27660,27668.2,27674.6,27677.4,27505.1
8,27910,27874,27882.4,27884.9,27716
9,28070,28079.9,28090.1,28092.3,27926.8
10,28290,28285.7,28297.9,28299.8,28137.7
1,28700,28721.3,28706.2,28700,28559.4
2,28960,28927.1,28913.8,28907.6,28770.3
3,29150,29132.8,29121.3,29115.3,28981.2
4,29340,29338.5,29328.8,29322.9,29192
5,29530,29544.2,29536.4,29530.5,29402.9
6,29770,29749.9,29743.9,29738.2,29613.8
7,29930,29955.6,29951.4,29945.8,29824.6
8,30150,30161.3,30159,30153.4,30035.5
9,30330,30367,30366.5,30361.1,30246.4
10,30570,30572.7,30574,30568.7,30457.2
1,30700,30778.4,30781.5,30776.3,30668.1
2,30940,30984.1,30989.1,30983.9,30879
3,31210,31189.8,31196.6,31191.6,31089.9
4,31380,31395.6,31404.1,31399.2,31300.7
5,31600,31601.3,31611.7,31606.8,31511.6
6,31830,31807,31819.2,31814.5,31722.5
7,32000,32012.7,32026.7,32022.1,31933.3
8,32240,32218.4,32234.3,32229.7,32144.2
9,32440,32424.1,32441.8,32437.4,32355.1
10,32680,32629.8,32649.3,32645,32565.9
1,33070,33076,33064.9,33057.2,32987.7
2,33290,33282.4,33272.4,33265.7,33198.5
3,33500,33488.8,33480,33474.1,33409.4
4,33700,33695.2,33687.5,33682.6,33620.3
5,33900,33901.6,33895,33891,33831.1
6,34100,34108,34102.5,34099.5,34042
7,34300,34314.4,34310,34307.9,34252.9
8,34520,34520.8,34517.6,34516.4,34463.7
9,34710,34727.1,34725.1,34724.8,34674.6
10,34920,34933.5,34932.6,34933.3,34885.5
1,35170,35139.9,35140.1,35141.7,35096.4
2,35340,35346.3,35347.6,35350.2,35307.2
3,35610,35552.7,35555.2,35558.6,35518.1
4,35760,35759.1,35762.7,35767.1,35729
5,35970,35965.5,35970.2,35975.5,35939.8
6,36170,36171.9,36177.7,36184,36150.7
7,36340,36378.2,36385.2,36392.4,36361.6
8,36580,36584.6,36592.8,36600.9,36572.4
9,36790,36791,36800.3,36809.3,36783.3
10,37010,36997.4,37007.8,37017.8,36994.2
1,37460,37449.1,37432.7,37431.9,37415.9
2,37690,37655.8,37640.4,37640.7,37626.8
3,37900,37862.5,37848.2,37849.5,37837.6
4,38090,38069.2,38056,38058.3,38048.5
5,38280,38275.9,38263.7,38267.1,38259.4
6,38510,38482.6,38471.5,38475.9,38470.2
7,38640,38689.3,38679.2,38684.7,38681.1
8,38870,38896,38887,38893.5,38892
9,39080,39102.7,39094.7,39102.3,39102.9
10,39290,39309.4,39302.5,39311.1,39313.7
1,39520,39516.1,39510.3,39519.9,39524.6
2,39780,39722.8,39718,39728.7,39735.5
3,39950,39929.5,39925.8,39937.5,39946.3
4,40090,40136.3,40133.5,40146.3,40157.2
5,40310,40343,40341.3,40355.1,40368.1
6,40560,40549.7,40549.1,40563.9,40578.9
7,40740,40756.4,40756.8,40772.7,40789.8
8,40960,40963.1,40964.6,40981.5,41000.7
9,41190,41169.8,41172.3,41190.3,41211.5
10,41400,41376.5,41380.1,41399.1,41422.4
1,41860,41827.8,41807.6,41809,41844.1
2,42110,42034.6,42015.7,42018.1,42055
3,42270,42241.5,42223.7,42227.1,42265.9
4,42450,42448.3,42431.8,42436.2,42476.7
5,42650,42655.2,42639.8,42645.2,42687.6
6,42830,42862.1,42847.9,42854.3,42898.5
7,43050,43068.9,43055.9,43063.3,43109.4
8,43260,43275.8,43264,43272.4,43320.2
9,43440,43482.7,43472.1,43481.4,43531.1
10,43650,43689.5,43680.1,43690.5,43742
1,43890,43896.4,43888.2,43899.5,43952.8
2,44110,44103.3,44096.2,44108.6,44163.7
3,44340,44310.1,44304.3,44317.6,44374.6
4,44500,44517,44512.4,44526.7,44585.4
5,44730,44723.8,44720.4,44735.7,44796.3
6,44920,44930.7,44928.5,44944.8,45007.2
7,45130,45137.6,45136.5,45153.8,45218
8,45380,45344.4,45344.6,45362.9,45428.9
9,45560,45551.3,45552.7,45571.9,45639.8
10,45770,45758.2,45760.7,45781,45850.6
2,46200,46209.1,46191.1,46195.3,46272.4
1,46430,46416.8,46399.6,46404.6,46483.3
4,46630,46624.5,46608,46613.8,46694.1
3,46800,46832.2,46816.5,46823.1,46905
6,47090,47040,47024.9,47032.4,47115.9
5,47270,47247.7,47233.4,47241.7,47326.7
8,47440,47455.4,47441.8,47451,47537.6
7,47660,47663.1,47650.3,47660.3,47748.5
10,47860,47870.8,47858.7,47869.6,47959.3
9,48070,48078.6,48067.2,48078.9,48170.2
1,48300,48286.3,48275.6,48288.1,48381.1
2,48510,48494,48484.1,48497.4,48591.9
4,48670,48701.7,48692.5,48706.7,48802.8
6,48900,48909.5,48901,48916,49013.7
3,49130,49117.2,49109.4,49125.3,49224.5
8,49320,49324.9,49317.9,49334.6,49435.4
5,49520,49532.6,49526.3,49543.9,49646.3
10,49730,49740.4,49734.8,49753.2,49857.1
7,49950,49948.1,49943.2,49962.4,50068
9,50190,50155.8,50151.7,50171.7,50278.9
2,50620,50604.6,50579.8,50584.1,50700.6
1,50810,50811.7,50788.5,50793.5,50911.5
6,51060,51018.8,50997.2,51002.8,51122.4
4,51250,51225.9,51205.9,51212.2,51333.2
8,51390,51433,51414.6,51421.5,51544.1
3,51630,51640.1,51623.3,51630.9,51755
10,51850,51847.1,51832.1,51840.2,51965.8
5,52050,52054.2,52040.8,52049.6,52176.7
9,52230,52261.3,52249.5,52259,52387.6
7,52480,52468.4,52458.2,52468.3,52598.4
2,52700,52675.5,52666.9,52677.7,52809.3
6,52910,52882.6,52875.7,52887,53020.2
1,53090,53089.7,53084.4,53096.4,53231
4,53260,53296.8,53293.1,53305.8,53441.9
3,53510,53503.9,53501.8,53515.1,53652.8
8,53740,53711,53710.5,53724.5,53863.6
5,53890,53918.1,53919.3,53933.8,54074.5
10,54110,54125.2,54128,54143.2,54285.4
7,54330,54332.3,54336.7,54352.5,54496.3
9,54550,54539.4,54545.4,54561.9,54707.1
6,55030,54989.6,54971.7,54974.9,55128.9
2,55230,55197.4,55180.7,55184.3,55339.7
4,55410,55405.3,55389.6,55393.8,55550.6
1,55600,55613.1,55598.5,55603.2,55761.5
8,55790,55821,55807.5,55812.6,55972.3
3,56030,56028.8,56016.4,56022.1,56183.2
10,56210,56236.6,56225.4,56231.5,56394.1
5,56410,56444.5,56434.3,56440.9,56604.9
9,56640,56652.3,56643.3,56650.4,56815.8
7,56890,56860.2,56852.2,56859.8,57026.7
6,57050,57068,57061.2,57069.2,57237.5
2,57300,57275.9,57270.1,57278.6,57448.4
1,57490,57483.7,57479.1,57488.1,57659.3
4,57670,57691.6,57688,57697.5,57870.1
8,57890,57899.4,57897,57906.9,58081
10,58130,58107.2,58105.9,58116.4,58291.9
3,58250,58315.1,58314.9,58325.8,58502.8
9,58520,58522.9,58523.8,58535.2,58713.6
5,58740,58730.8,58732.8,58744.7,58924.5
7,59010,58938.6,58941.7,58954.1,59135.4
2,59360,59378.3,59365.7,59362.5,59557.1
6,59540,59586.9,59574.9,59572.5,59768
4,59800,59795.6,59784,59782.4,59978.8
1,60000,60004.2,59993.1,59992.4,60189.7
10,60180,60212.8,60202.3,60202.3,60400.6
8,60390,60421.4,60411.4,60412.3,60611.4
9,60610,60630,60620.6,60622.2,60822.3
3,60850,60838.6,60829.7,60832.1,61033.2
7,61120,61047.2,61038.8,61042.1,61244
5,61290,61255.8,61248,61252,61454.9
6,61450,61464.4,61457.1,61462,61665.8
2,61690,61673,61666.3,61671.9,61876.7
4,61890,61881.6,61875.4,61881.9,62087.5
10,62080,62090.2,62084.5,62091.8,62298.4
1,62240,62298.9,62293.7,62301.7,62509.3
8,62500,62507.5,62502.8,62511.7,62720.1
3,62720,62716.1,62712,62721.6,62931
9,62890,62924.7,62921.1,62931.6,63141.9
5,63130,63133.3,63130.2,63141.5,63352.7
7,63410,63341.9,63339.4,63351.5,63563.6
2,63810,63786.5,63769.8,63771.6,63985.3
6,64010,63995.3,63979.3,63981.9,64196.2
10,64220,64204.1,64188.8,64192.3,64407.1
4,64430,64413,64398.2,64402.7,64617.9
8,64600,64621.8,64607.7,64613,64828.8
1,64770,64830.6,64817.2,64823.4,65039.7
9,65000,65039.4,65026.7,65033.7,65250.5
3,65270,65248.3,65236.1,65244.1,65461.4
7,65450,65457.1,65445.6,65454.5,65672.3
5,65650,65665.9,65655.1,65664.8,65883.2
2,65890,65874.7,65864.6,65875.2,66094
10,66080,66083.6,66074.1,66085.5,66304.9
6,66300,66292.4,66283.5,66295.9,66515.8
4,66500,66501.2,66493,66506.3,66726.6
1,66730,66710.1,66702.5,66716.6,66937.5
8,66930,66918.9,66912,66927,67148.4
9,67110,67127.7,67121.4,67137.3,67359.2
7,67320,67336.5,67330.9,67347.7,67570.1
3,67550,67545.4,67540.4,67558.1,67781
5,67780,67754.2,67749.9,67768.4,67991.8
10,68190,68197.7,68178.8,68181.2,68413.6
2,68430,68406.4,68388.5,68391.6,68624.4
4,68610,68615.1,68598.3,68602,68835.3
6,68840,68823.8,68808,68812.4,69046.2
8,69030,69032.5,69017.7,69022.8,69257
1,69270,69241.2,69227.5,69233.2,69467.9
7,69440,69449.9,69437.2,69443.6,69678.8
9,69610,69658.6,69647,69654,69889.7
5,69850,69867.3,69856.7,69864.4,70100.5
3,70080,70076,70066.4,70074.8,70311.4
2,70290,70284.7,70276.2,70285.2,70522.3
10,70460,70493.4,70485.9,70495.6,70733.1
6,70670,70702.1,70695.7,70706,70944
4,70920,70910.8,70905.4,70916.4,71154.9
8,71160,71119.5,71115.1,71126.8,71365.7
7,71360,71328.2,71324.9,71337.2,71576.6
1,71540,71536.9,71534.6,71547.6,71787.5
9,71740,71745.6,71744.3,71758,71998.3
3,71940,71954.3,71954.1,71968.4,72209.2
5,72170,72163,72163.8,72178.8,72420.1
10,72570,72609.3,72592.1,72595.5,72841.8
2,72820,72818.2,72802,72805.9,73052.7
4,73020,73027.2,73012,73016.4,73263.5
6,73260,73236.1,73221.9,73226.8,73474.4
7,73470,73445,73431.9,73437.2,73685.3
8,73680,73653.9,73641.9,73647.6,73896.2
9,73870,73862.8,73851.8,73858,74107
1,74070,74071.8,74061.8,74068.5,74317.9
5,74290,74280.7,74271.8,74278.9,74528.8
3,74500,74489.6,74481.7,74489.3,74739.6
10,74690,74698.5,74691.7,74699.7,74950.5
4,74890,74907.5,74901.7,74910.1,75161.4
2,75130,75116.4,75111.6,75120.5,75372.2
7,75320,75325.3,75321.6,75331,75583.1
6,75480,75534.2,75531.5,75541.4,75794
8,75730,75743.2,75741.5,75751.8,76004.8
1,75940,75952.1,75951.5,75962.2,76215.7
9,76190,76161,76161.4,76172.6,76426.6
3,76380,76369.9,76371.4,76383.1,76637.4
5,76590,76578.8,76581.4,76593.5,76848.3
4,77030,77018.3,77005.9,77007.3,77270
10,77240,77227.7,77216,77217.6,77480.9
7,77390,77437.1,77426.1,77428,77691.8
2,77650,77646.5,77636.2,77638.3,77902.7
8,77810,77855.9,77846.3,77848.7,78113.5
6,78020,78065.3,78056.4,78059,78324.4
9,78270,78274.7,78266.5,78269.3,78535.3
1,78460,78484.1,78476.6,78479.7,78746.1
5,78690,78693.5,78686.7,78690,78957
3,78920,78902.9,78896.8,78900.3,79167.9
10,79150,79112.3,79106.9,79110.7,79378.7
4,79380,79321.7,79317,79321,79589.6
2,79550,79531.1,79527.1,79531.3,79800.5
7,79720,79740.5,79737.2,79741.7,80011.3
6,79960,79949.9,79947.3,79952,80222.2
8,80180,80159.3,80157.4,80162.3,80433.1
9,80360,80368.7,80367.5,80372.7,80643.9
5,80550,80578.1,80577.6,80583,80854.8
1,80780,80787.5,80787.7,80793.4,81065.7
3,81000,80996.9,80997.8,81003.7,81276.6
4,81470,81437.4,81418.8,81421.5,81698.3
10,81650,81645.8,81628.9,81631.5,81909.2
7,81830,81854.2,81839,81841.5,82120
2,82070,82062.5,82049.1,82051.5,82330.9
8,82260,82270.9,82259.2,82261.5,82541.8
6,82520,82479.2,82469.2,82471.5,82752.6
5,82720,82687.6,82679.3,82681.5,82963.5
9,82890,82895.9,82889.4,82891.5,83174.4
3,83070,83104.3,83099.5,83101.5,83385.2
1,83300,83312.6,83309.5,83311.5,83596.1
4,83510,83521,83519.6,83521.5,83807
7,83670,83729.4,83729.7,83731.5,84017.8
10,83930,83937.7,83939.8,83941.5,84228.7
8,84150,84146.1,84149.9,84151.5,84439.6
2,84370,84354.4,84359.9,84361.5,84650.4
5,84560,84562.8,84570,84571.5,84861.3
6,84770,84771.1,84780.1,84781.5,85072.2
9,85000,84979.5,84990.2,84991.5,85283.1
1,85160,85187.8,85200.2,85201.5,85493.9
3,85430,85396.2,85410.3,85411.5,85704.8
7,85810,85831.7,85824.4,85820,86126.5
4,86060,86040.6,86034.3,86029.8,86337.4
8,86200,86249.6,86244.2,86239.6,86548.3
10,86440,86458.5,86454.1,86449.5,86759.1
5,86660,86667.4,86664.1,86659.3,86970
2,86880,86876.3,86874,86869.2,87180.9
9,87090,87085.2,87083.9,87079,87391.7
6,87300,87294.2,87293.8,87288.9,87602.6
3,87490,87503.1,87503.7,87498.7,87813.5
1,87710,87712,87713.6,87708.6,88024.3
4,87900,87920.9,87923.5,87918.4,88235.2
7,88120,88129.8,88133.4,88128.3,88446.1
10,88330,88338.7,88343.3,88338.1,88656.9
8,88580,88547.7,88553.2,88548,88867.8
2,88790,88756.6,88763.2,88757.8,89078.7
5,88960,88965.5,88973.1,88967.7,89289.6
6,89150,89174.4,89183,89177.5,89500.4
9,89380,89383.3,89392.9,89387.4,89711.3
3,89600,89592.2,89602.8,89597.2,89922.2
1,89820,89801.2,89812.7,89807,90133
7,90240,90238.8,90228.1,90221.7,90554.8
4,90450,90447.2,90437.9,90431.9,90765.6
8,90630,90655.7,90647.6,90642,90976.5
10,90880,90864.1,90857.4,90852.1,91187.4
5,91060,91072.5,91067.2,91062.3,91398.2
2,91300,91280.9,91276.9,91272.4,91609.1
9,91480,91489.4,91486.7,91482.5,91820
6,91700,91697.8,91696.4,91692.7,92030.8
1,91920,91906.2,91906.2,91902.8,92241.7
3,92130,92114.7,92116,92112.9,92452.6
7,92300,92323.1,92325.7,92323.1,92663.4
8,92540,92531.5,92535.5,92533.2,92874.3
4,92720,92740,92745.2,92743.3,93085.2
5,92920,92948.4,92955,92953.5,93296.1
10,93150,93156.8,93164.7,93163.6,93506.9
9,93380,93365.2,93374.5,93373.7,93717.8
2,93590,93573.7,93584.3,93583.9,93928.7
6,93770,93782.1,93794,93794,94139.5
3,93970,93990.5,94003.8,94004.1,94350.4
1,94230,94199,94213.5,94214.3,94561.3
8,94620,94637.8,94633.8,94628.4,94983
7,94850,94847.3,94843.5,94838.7,95193.9
5,95030,95056.8,95053.3,95049.1,95404.7
4,95270,95266.3,95263.1,95259.5,95615.6
9,95430,95475.8,95472.9,95469.9,95826.5
10,95680,95685.4,95682.7,95680.3,96037.3
6,95930,95894.9,95892.5,95890.7,96248.2
2,96140,96104.4,96102.3,96101,96459.1
1,96330,96313.9,96312.1,96311.4,96670
3,96560,96523.4,96521.9,96521.8,96880.8
7,96730,96733,96731.7,96732.2,97091.7
8,96960,96942.5,96941.4,96942.6,97302.6
4,97090,97152,97151.2,97153,97513.4
5,97310,97361.5,97361,97363.3,97724.3
10,97550,97571,97570.8,97573.7,97935.2
9,97770,97780.6,97780.6,97784.1,98146
6,97990,97990.1,97990.4,97994.5,98356.9
1,98180,98199.6,98200.2,98204.9,98567.8
2,98480,98409.1,98410,98415.3,98778.6
3,98640,98618.6,98619.8,98625.6,98989.5
8,99050,99055.6,99043.8,99043.1,99411.2
7,99300,99264.8,99253.7,99253.5,99622.1
5,99480,99473.9,99463.6,99463.9,99833
4,99720,99683.1,99673.6,99674.4,100044
9,99870,99892.2,99883.5,99884.8,100255
10,100080,100101,100093,100095,100466
1,100310,100311,100303,100306,100676
6,100490,100520,100513,100516,100887
3,100680,100729,100723,100726,101098
2,100970,100938,100933,100937,101309
8,101160,101147,101143,101147,101520
5,101330,101356,101353,101358,101731
7,101550,101565,101563,101568,101942
9,101780,101775,101773,101778,102153
4,101980,101984,101982,101989,102363
10,102190,102193,102192,102199,102574
6,102410,102402,102402,102410,102785
1,102610,102611,102612,102620,102996
2,102850,102820,102822,102830,103207
3,103030,103030,103032,103041,103418
5,103440,103465,103455,103448,103839
8,103680,103675,103665,103659,104050
9,103880,103884,103875,103870,104261
7,104100,104093,104085,104081,104472
10,104330,104302,104295,104292,104683
4,104510,104512,104505,104503,104894
1,104700,104721,104715,104714,105105
6,104910,104930,104925,104925,105316
3,105100,105139,105135,105136,105526
2,105380,105349,105344,105347,105737
8,105610,105558,105554,105557,105948
5,105760,105767,105764,105768,106159
7,105970,105976,105974,105979,106370
9,106170,106186,106184,106190,106581
10,106390,106395,106394,106401,106792
1,106560,106604,106604,106612,107003
4,106810,106813,106814,106823,107213
6,106990,107023,107024,107034,107424
2,107290,107232,107234,107245,107635
3,107460,107441,107444,107456,107846
5,107860,107880,107879,107882,108268
8,108080,108092,108089,108093,108479
9,108310,108303,108299,108304,108689
7,108510,108515,108510,108516,108900
1,108660,108726,108720,108727,109111
10,108950,108937,108931,108938,109322
6,109180,109149,109141,109149,109533
4,109400,109360,109352,109360,109744
3,109560,109572,109562,109571,109955
2,109830,109783,109772,109782,110166
5,109970,109995,109983,109994,110376
9,110180,110206,110193,110205,110587
8,110390,110417,110404,110416,110798
7,110600,110629,110614,110627,111009
10,110840,110840,110825,110838,111220
1,111040,111052,111035,111049,111431
6,111290,111263,111245,111260,111642
3,111480,111474,111456,111472,111852
4,111700,111686,111666,111683,112063
2,111930,111897,111877,111894,112274
9,112280,112318,112303,112302,112696
5,112530,112528,112513,112513,112907
7,112680,112738,112724,112724,113118
8,112940,112947,112935,112935,113329
1,113170,113157,113145,113146,113539
10,113370,113367,113356,113358,113750
3,113580,113577,113566,113569,113961
6,113830,113787,113777,113780,114172
2,113980,113997,113988,113991,114383
4,114240,114207,114198,114202,114594
5,114410,114417,114409,114413,114805
9,114600,114627,114619,114624,115016
7,114800,114837,114830,114835,115226
1,115010,115047,115041,115046,115437
8,115260,115257,115251,115257,115648
10,115470,115467,115462,115469,115859
6,115680,115677,115672,115680,116070
3,115880,115887,115883,115891,116281
4,116110,116097,116093,116102,116492
2,116330,116307,116304,116313,116702
9,116720,116733,116734,116735,117124
5,116950,116945,116945,116946,117335
1,117130,117157,117156,117157,117546
7,117330,117369,117366,117369,117757
10,117550,117581,117577,117580,117968
8,117800,117793,117788,117791,118179
3,118000,118005,117999,118003,118389
6,118250,118216,118210,118214,118600
2,118410,118428,118421,118425,118811
4,118640,118640,118632,118637,119022
9,118860,118852,118843,118848,119233
5,119050,119064,119054,119060,119444
7,119260,119276,119265,119271,119655
1,119450,119488,119475,119482,119865
10,119690,119699,119686,119694,120076
3,119860,119911,119897,119905,120287
8,120150,120123,120108,120116,120498
2,120340,120335,120319,120328,120709
6,120610,120547,120530,120539,120920
4,120800,120759,120741,120750,121131
5,121140,121170,121166,121160,121552
9,121370,121382,121377,121372,121763
1,121540,121593,121588,121583,121974
7,121830,121804,121799,121795,122185
3,121970,122016,122010,122007,122396
10,122220,122227,122221,122219,122607
2,122440,122438,122432,122431,122818
8,122670,122650,122643,122642,123029
4,122850,122861,122854,122854,123239
6,123080,123072,123065,123066,123450
5,123300,123284,123276,123278,123661
1,123450,123495,123487,123490,123872
9,123680,123707,123698,123702,124083
7,123900,123918,123909,123913,124294
10,124120,124129,124120,124125,124505
3,124290,124341,124331,124337,124715
8,124590,124552,124542,124549,124926
2,124790,124763,124753,124761,125137
6,124990,124975,124965,124972,125348
4,125220,125186,125176,125184,125559
1,125640,125613,125609,125608,125981
5,125860,125825,125821,125821,126192
7,126060,126037,126032,126033,126402
9,126210,126249,126243,126246,126613
3,126430,126461,126455,126458,126824
10,126640,126673,126666,126670,127035
2,126920,126885,126878,126883,127246
8,127060,127097,127089,127095,127457
4,127330,127309,127300,127308,127668
6,127550,127521,127512,127520,127878
5,127740,127733,127723,127733,128089
1,127910,127945,127935,127945,128300
7,128130,128157,128146,128158,128511
3,128330,128369,128357,128370,128722
9,128560,128581,128569,128583,128933
2,128790,128792,128780,128795,129144
10,128980,129004,128992,129007,129355
4,129220,129216,129203,129220,129565
8,129480,129428,129414,129432,129776
6,129690,129640,129626,129645,129987
1,130080,130065,130061,130071,130409
5,130300,130277,130273,130282,130620
3,130480,130490,130485,130494,130831
7,130700,130702,130696,130706,131042
2,130920,130915,130908,130918,131252
9,131110,131127,131120,131129,131463
4,131320,131340,131332,131341,131674
10,131540,131552,131544,131553,131885
6,131820,131765,131755,131765,132096
8,131970,131977,131967,131977,132307
1,132140,132189,132179,132188,132518
5,132390,132402,132391,132400,132728
7,132610,132614,132602,132612,132939
3,132780,132827,132814,132824,133150
9,133050,133039,133026,133036,133361
2,133220,133252,133238,133247,133572
10,133460,133464,133449,133459,133783
4,133680,133677,133661,133671,133994
8,133920,133889,133873,133883,134205
6,134160,134102,134085,134094,134415
5,134510,134517,134503,134497,134837
1,134720,134727,134714,134709,135048
3,134930,134937,134926,134920,135259
7,135130,135147,135137,135132,135470
2,135390,135357,135349,135344,135681
9,135560,135567,135560,135556,135891
4,135800,135776,135772,135768,136102
10,135990,135986,135983,135979,136313
6,136160,136196,136195,136191,136524
8,136450,136406,136407,136403,136735
1,136600,136616,136618,136615,136946
5,136850,136826,136830,136827,137157
3,137030,137035,137041,137039,137368
2,137260,137245,137253,137250,137578
7,137440,137455,137464,137462,137789
4,137650,137665,137676,137674,138000
9,137850,137875,137888,137886,138211
6,138030,138085,138099,138098,138422
10,138270,138294,138311,138309,138633
8,138560,138504,138522,138521,138844
5,138990,138953,138950,138954,139265
1,139200,139164,139162,139166,139476
2,139420,139375,139373,139378,139687
3,139600,139586,139585,139590,139898
4,139880,139797,139797,139801,140109
7,140030,140009,140008,140013,140320
6,140270,140220,140220,140225,140531
9,140380,140431,140432,140437,140741
8,140590,140642,140643,140648,140952
10,140820,140853,140855,140860,141163
5,141070,141064,141067,141072,141374
2,141270,141276,141278,141284,141585
1,141450,141487,141490,141495,141796
3,141680,141698,141701,141707,142007
7,141900,141909,141913,141919,142218
4,142120,142120,142125,142131,142428
9,142330,142331,142336,142342,142639
6,142570,142542,142548,142554,142850
10,142740,142754,142760,142766,143061
8,143010,142965,142971,142978,143272
2,143390,143393,143387,143389,143694
5,143610,143603,143598,143599,143904
3,143830,143813,143810,143810,144115
1,144040,144023,144021,144021,144326
4,144240,144234,144233,144231,144537
7,144470,144444,144444,144442,144748
6,144690,144654,144655,144653,144959
9,144830,144864,144867,144863,145170
8,145030,145075,145078,145074,145381
10,145260,145285,145290,145285,145591
2,145490,145495,145501,145495,145802
5,145710,145705,145712,145706,146013
1,145900,145916,145924,145917,146224
3,146120,146126,146135,146127,146435
4,146350,146336,146347,146338,146646
6,146500,146547,146558,146549,146857
7,146750,146757,146769,146759,147068
8,147000,146967,146981,146970,147278
9,147190,147177,147192,147181,147489
10,147400,147388,147404,147391,147700
5,147790,147816,147810,147803,148122
2,148020,148025,148021,148013,148333
3,148250,148234,148232,148223,148544
1,148440,148443,148443,148434,148754
6,148670,148652,148653,148644,148965
4,148860,148861,148864,148855,149176
8,149070,149070,149075,149065,149387
7,149320,149279,149286,149275,149598
10,149480,149488,149497,149486,149809
9,149700,149697,149708,149696,150020
2,149930,149906,149919,149907,150231
5,150120,150115,150130,150117,150441
3,150310,150324,150340,150328,150652
6,150570,150533,150551,150538,150863
1,150730,150742,150762,150748,151074
4,150940,150950,150973,150959,151285
7,151110,151159,151184,151169,151496
8,151360,151368,151395,151380,151707
9,151560,151577,151606,151590,151917
10,151800,151786,151817,151800,152128
5,152230,152226,152225,152212,152550
2,152460,152435,152436,152423,152761
6,152680,152644,152646,152634,152972
3,152880,152853,152857,152845,153183
4,153070,153062,153067,153055,153394
1,153280,153271,153278,153266,153604
8,153490,153481,153488,153477,153815
7,153680,153690,153699,153688,154026
10,153890,153899,153909,153899,154237
9,154100,154108,154119,154110,154448
5,154320,154317,154330,154321,154659
6,154500,154526,154540,154532,154870
2,154740,154736,154751,154743,155081
3,154910,154945,154961,154954,155291
1,155100,155154,155172,155165,155502
4,155370,155363,155382,155376,155713
8,155590,155572,155593,155586,155924
10,155800,155781,155803,155797,156135
7,155980,155991,156014,156008,156346
9,156240,156200,156224,156219,156557
6,156640,156643,156647,156639,156978
5,156830,156854,156857,156851,157189
3,157080,157065,157068,157062,157400
2,157290,157275,157278,157274,157611
4,157530,157486,157489,157485,157822
1,157730,157697,157699,157696,158033
10,157910,157908,157910,157908,158244
8,158120,158118,158120,158119,158454
9,158330,158329,158331,158331,158665
7,158580,158540,158541,158542,158876
5,158740,158751,158752,158754,159087
6,158890,158961,158962,158965,159298
2,159160,159172,159173,159177,159509
3,159370,159383,159383,159388,159720
4,159600,159593,159594,159600,159930
10,159810,159804,159804,159811,160141
1,159990,160015,160015,160022,160352
8,160230,160226,160225,160234,160563
7,160470,160436,160436,160445,160774
9,160660,160647,160646,160657,160985
6,161100,161083,161075,161072,161407
5,161290,161294,161286,161284,161617
3,161510,161504,161497,161496,161828
2,161740,161715,161707,161708,162039
10,161930,161925,161918,161919,162250
4,162130,162136,162129,162131,162461
8,162350,162346,162340,162343,162672
1,162520,162557,162550,162555,162883
9,162760,162767,162761,162766,163094
7,163010,162978,162972,162978,163304
6,163140,163189,163183,163190,163515
3,163410,163399,163393,163402,163726
5,163630,163610,163604,163613,163937
10,163820,163820,163815,163825,164148
2,164040,164031,164025,164037,164359
4,164220,164241,164236,164249,164570
1,164450,164452,164447,164460,164780
8,164660,164662,164658,164672,164991
7,164880,164873,164868,164884,165202
9,165090,165084,165079,165096,165413
3,165550,165525,165513,165515,165835
6,165770,165736,165724,165727,166046
10,165940,165947,165935,165939,166257
5,166150,166157,166147,166151,166467
4,166370,166368,166358,166363,166678
2,166620,166579,166569,166575,166889
8,166800,166790,166780,166787,167100
1,166990,167000,166991,166999,167311
9,167220,167211,167202,167211,167522
7,167430,167422,167413,167423,167733
6,167590,167633,167624,167636,167943
3,167820,167843,167835,167848,168154
5,168050,168054,168046,168060,168365
10,168220,168265,168257,168272,168576
2,168470,168475,168468,168484,168787
4,168700,168686,168679,168696,168998
8,168930,168897,168890,168908,169209
9,169120,169108,169101,169120,169420
1,169310,169318,169312,169332,169630
7,169540,169529,169524,169544,169841
3,169990,169973,169959,169968,170263
6,170230,170184,170171,170179,170474
10,170390,170395,170382,170391,170685
5,170600,170606,170594,170603,170896
4,170850,170817,170805,170815,171107
2,171080,171028,171017,171027,171317
9,171210,171239,171228,171239,171528
8,171440,171450,171439,171450,171739
7,171640,171661,171651,171662,171950
1,171820,171872,171862,171874,172161
3,172050,172083,172074,172086,172372
10,172290,172294,172285,172298,172583
6,172530,172505,172497,172510,172793
4,172750,172716,172708,172721,173004
5,172940,172927,172919,172933,173215
9,173120,173138,173131,173145,173426
2,173340,173349,173342,173357,173637
8,173570,173560,173554,173569,173848
1,173770,173771,173765,173781,174059
7,173990,173982,173977,173992,174270
10,174390,174411,174402,174405,174691
3,174580,174622,174614,174616,174902
4,174850,174833,174826,174828,175113
6,175050,175045,175037,175039,175324
9,175240,175256,175249,175251,175535
5,175490,175467,175460,175462,175746
8,175680,175678,175672,175674,175957
2,175880,175889,175883,175885,176167
7,176110,176100,176095,176097,176378
1,176320,176311,176306,176308,176589
3,176490,176523,176518,176520,176800
10,176720,176734,176729,176731,177011
6,176910,176945,176941,176943,177222
4,177140,177156,177152,177154,177433
5,177370,177367,177364,177366,177643
9,177560,177578,177575,177577,177854
2,177790,177790,177787,177789,178065
8,178040,178001,177998,178000,178276
7,178230,178212,178210,178212,178487
1,178440,178423,178422,178423,178698
10,178840,178851,178843,178839,179120
3,179030,179062,179054,179051,179330
4,179280,179272,179266,179262,179541
6,179510,179483,179477,179474,179752
9,179670,179694,179688,179686,179963
5,179890,179904,179900,179897,180174
8,180090,180115,180111,180109,180385
2,180330,180326,180323,180321,180596
1,180560,180536,180534,180532,180806
7,180770,180747,180746,180744,181017
10,180970,180958,180957,180956,181228
4,181150,181168,181169,181168,181439
3,181350,181379,181380,181379,181650
9,181570,181590,181592,181591,181861
6,181790,181800,181803,181803,182072
8,182040,182011,182015,182014,182283
5,182230,182222,182226,182226,182493
2,182400,182432,182438,182438,182704
7,182670,182643,182649,182649,182915
1,182860,182854,182860,182861,183126
4,183260,183286,183283,183279,183548
10,183490,183497,183495,183491,183759
9,183720,183708,183706,183703,183970
3,183910,183920,183918,183915,184180
8,184110,184131,184129,184127,184391
6,184340,184342,184341,184339,184602
2,184570,184554,184552,184550,184813
5,184740,184765,184764,184762,185024
1,184980,184976,184975,184974,185235
7,185250,185187,185187,185186,185446
10,185410,185399,185398,185398,185656
4,185620,185610,185610,185610,185867
3,185790,185821,185821,185822,186078
9,186000,186033,186032,186034,186289
6,186220,186244,186244,186245,186500
8,186500,186455,186455,186457,186711
2,186660,186666,186667,186669,186922
1,186850,186878,186878,186881,187133
5,187090,187089,187090,187093,187343
7,187330,187300,187301,187305,187554
4,187740,187729,187726,187722,187976
10,187940,187941,187937,187934,188187
9,188140,188152,188149,188146,188398
3,188310,188363,188360,188358,188609
8,188530,188575,188572,188570,188819
6,188790,188786,188783,188782,189030
1,189010,188998,188995,188994,189241
2,189290,189209,189206,189206,189452
7,189460,189420,189418,189418,189663
5,189610,189632,189629,189630,189874
4,189810,189843,189841,189842,190085
9,190030,190055,190052,190054,190296
10,190260,190266,190264,190266,190506
8,190460,190477,190475,190478,190717
3,190700,190689,190687,190690,190928
6,190900,190900,190899,190902,191139
2,191140,191112,191110,191114,191350
1,191310,191323,191322,191326,191561
5,191540,191534,191533,191538,191772
7,191750,191746,191745,191750,191983
9,192140,192171,192171,192172,192404
4,192400,192383,192383,192383,192615
8,192550,192595,192594,192595,192826
10,192800,192807,192806,192807,193037
6,193050,193020,193018,193019,193248
3,193260,193232,193229,193230,193459
1,193460,193444,193441,193442,193669
2,193700,193656,193653,193654,193880
7,193850,193868,193864,193866,194091
5,194060,194080,194076,194078,194302
4,194210,194292,194288,194289,194513
9,194450,194504,194499,194501,194724
10,194690,194717,194711,194713,194935
8,194930,194929,194923,194925,195146
6,195150,195141,195134,195137,195356
1,195340,195353,195346,195348,195567
3,195570,195565,195558,195560,195778
2,195750,195777,195769,195772,195989
5,196070,195989,195981,195984,196200
7,196240,196201,196192,196195,196411
9,196600,196618,196612,196606,196832
4,196820,196829,196824,196818,197043
8,197000,197040,197035,197030,197254
10,197230,197251,197247,197242,197465
1,197490,197462,197458,197453,197676
6,197640,197673,197670,197665,197887
2,197910,197884,197881,197877,198098
3,198130,198095,198093,198089,198309
7,198300,198306,198304,198301,198519
5,198500,198517,198516,198513,198730
9,198700,198728,198728,198724,198941
8,198960,198939,198939,198936,199152
4,199120,199150,199151,199148,199363
10,199350,199361,199362,199360,199574
6,199580,199572,199574,199572,199785
1,199770,199783,199785,199784,199996
2,200020,199994,199997,199995,200206
7,200210,200205,200208,200207,200417
3,200390,200416,200420,200419,200628
5,200650,200627,200632,200631,200839
8,201040,201050,201057,201052,201261
9,201260,201263,201268,201265,201472
10,201460,201476,201480,201477,201682
4,201670,201688,201692,201689,201893
1,201840,201901,201904,201901,202104
6,202130,202113,202115,202113,202315
7,202340,202326,202327,202325,202526
2,202560,202539,202539,202538,202737
5,202770,202751,202750,202750,202948
3,202930,202964,202962,202962,203159
9,203160,203177,203174,203174,203369
8,203410,203389,203385,203386,203580
10,203620,203602,203597,203598,203791
1,203750,203815,203809,203811,204002
4,204010,204027,204020,204023,204213
6,204240,204240,204232,204235,204424
2,204480,204452,204444,204447,204635
7,204690,204665,204655,204659,204845
3,204890,204878,204867,204871,205056
5,205110,205090,205079,205084,205267
8,205510,205511,205504,205505,205689
9,205710,205722,205716,205716,205900
1,205880,205933,205927,205928,206111
10,206170,206145,206139,206140,206322
6,206380,206356,206351,206352,206532
4,206590,206567,206562,206564,206743
7,206800,206778,206774,206776,206954
2,206980,206990,206986,206987,207165
5,207220,207201,207197,207199,207376
3,207400,207412,207409,207411,207587
8,207620,207623,207621,207623,207798
9,207800,207835,207833,207835,208009
10,208050,208046,208044,208047,208219
1,208220,208257,208256,208258,208430
6,208490,208469,208468,208470,208641
7,208740,208680,208679,208682,208852
4,208880,208891,208891,208894,209063
5,209100,209102,209103,209106,209274
2,209310,209314,209315,209318,209485
3,209490,209525,209526,209529,209695
9,209920,209947,209946,209942,210117
8,210170,210158,210157,210153,210328
1,210310,210369,210369,210365,210539
10,210580,210581,210581,210577,210750
7,210780,210792,210792,210789,210961
6,211040,211003,211004,211000,211172
5,211250,211215,211216,211212,211382
4,211450,211426,211427,211424,211593
3,211640,211637,211639,211635,211804
2,211860,211848,211850,211847,212015
9,212040,212060,212062,212059,212226
1,212230,212271,212274,212271,212437
8,212480,212482,212485,212482,212648
10,212710,212694,212697,212694,212858
6,212920,212905,212908,212906,213069
7,213140,213116,213120,213117,213280
4,213280,213328,213332,213329,213491
5,213520,213539,213543,213541,213702
2,213790,213750,213755,213753,213913
3,213950,213962,213966,213964,214124
1,214350,214384,214388,214383,214545
9,214600,214596,214600,214595,214756
10,214810,214808,214811,214807,214967
8,215030,215020,215023,215019,215178
7,215260,215232,215234,215231,215389
6,215480,215444,215446,215443,215600
5,215660,215656,215658,215655,215811
4,215870,215868,215869,215867,216022
3,216030,216079,216081,216079,216232
2,216250,216291,216292,216291,216443
9,216510,216503,216504,216502,216654
1,216660,216715,216716,216714,216865
10,216960,216927,216927,216926,217076
7,217170,217139,217139,217138,217287
8,217360,217351,217350,217350,217498
5,217540,217563,217562,217562,217708
6,217720,217774,217773,217774,217919
3,218000,217986,217985,217986,218130
4,218220,218198,218197,218198,218341
2,218450,218410,218408,218410,218552
1,218840,218829,218833,218824,218974
9,219050,219041,219045,219037,219185
7,219250,219254,219256,219250,219395
10,219460,219466,219468,219462,219606
5,219640,219678,219679,219675,219817
8,219880,219890,219891,219887,220028
3,220120,220103,220103,220100,220239
6,220300,220315,220314,220313,220450
2,220510,220527,220526,220525,220661
4,220760,220740,220738,220738,220871
1,220910,220952,220949,220950,221082
9,221160,221164,221161,221163,221293
10,221380,221376,221373,221375,221504
7,221580,221589,221584,221588,221715
8,221810,221801,221796,221801,221926
5,222010,222013,222008,222013,222137
6,222240,222226,222219,222226,222348
3,222440,222438,222431,222438,222558
4,222650,222650,222643,222651,222769
2,222890,222862,222854,222864,222980
9,223300,223288,223290,223290,223402
1,223500,223501,223502,223503,223613
7,223710,223714,223714,223716,223824
10,223910,223927,223926,223929,224035
5,224120,224140,224138,224142,224245
8,224370,224354,224350,224355,224456
3,224600,224567,224562,224568,224667
6,224820,224780,224774,224781,224878
2,224970,224993,224986,224994,225089
4,225220,225206,225198,225207,225300
1,225390,225419,225410,225419,225511
9,225620,225632,225622,225632,225721
7,225820,225845,225834,225845,225932
5,226050,226058,226046,226058,226143
10,226300,226271,226258,226271,226354
3,226490,226484,226470,226484,226565
8,226720,226697,226682,226697,226776
2,226890,226910,226894,226910,226987
6,227110,227123,227106,227123,227198
4,227350,227336,227318,227336,227408
9,227760,227754,227752,227755,227830
1,227940,227967,227965,227967,228041
5,228200,228180,228177,228180,228252
7,228390,228393,228389,228393,228463
3,228560,228606,228602,228606,228674
10,228830,228819,228814,228819,228884
2,229090,229033,229026,229032,229095
8,229230,229246,229239,229245,229306
4,229470,229459,229451,229458,229517
6,229650,229672,229663,229671,229728
9,229890,229885,229876,229883,229939
5,230090,230098,230088,230096,230150
1,230260,230311,230300,230309,230361
7,230520,230524,230513,230522,230571
10,230750,230738,230725,230735,230782
3,230920,230951,230937,230948,230993
8,231140,231164,231150,231161,231204
2,231390,231377,231362,231374,231415
6,231630,231590,231574,231587,231626
4,231830,231803,231787,231799,231837
5,232220,232224,232218,232218,232258
9,232420,232436,232430,232431,232469
7,232650,232648,232643,232644,232680
1,232910,232861,232855,232857,232891
3,233090,233073,233068,233070,233102
10,233270,233286,233280,233283,233313
2,233520,233498,233493,233496,233524
8,233690,233711,233705,233709,233734
4,233930,233923,233918,233922,233945
6,234130,234136,234130,234135,234156
5,234360,234348,234343,234349,234367
9,234550,234561,234555,234562,234578
1,234770,234773,234768,234775,234789
7,234980,234986,234980,234988,235000
3,235150,235198,235193,235201,235211
2,235420,235410,235405,235414,235421
10,235580,235623,235618,235627,235632
4,235830,235835,235830,235840,235843
8,236080,236048,236043,236053,236054
6,236290,236260,236255,236266,236265
9,236680,236690,236687,236691,236687
5,236900,236903,236899,236904,236897
7,237130,237115,237112,237117,237108
1,237370,237328,237325,237330,237319
2,237560,237541,237537,237542,237530
3,237780,237753,237750,237755,237741
4,237990,237966,237963,237968,237952
10,238190,238178,238175,238181,238163
6,238410,238391,238388,238393,238374
8,238610,238603,238601,238606,238584
5,238810,238816,238813,238819,238795
9,238990,239029,239026,239032,239006
7,239220,239241,239239,239244,239217
2,239450,239454,239451,239457,239428
1,239570,239666,239664,239670,239639
3,239860,239879,239877,239883,239850
10,240110,240092,240089,240095,240061
4,240320,240304,240302,240308,240271
8,240540,240517,240515,240521,240482
6,240760,240729,240727,240734,240693
9,241110,241151,241149,241151,241115
5,241340,241363,241362,241363,241326
2,241610,241575,241574,241575,241537
7,241790,241787,241787,241787,241747
3,242010,242000,241999,241999,241958
1,242200,242212,242212,242212,242169
4,242430,242424,242425,242424,242380
10,242650,242636,242637,242636,242591
6,242860,242848,242850,242848,242802
8,243070,243060,243062,243060,243013
9,243270,243273,243275,243272,243224
2,243500,243485,243487,243484,243434
5,243700,243697,243700,243696,243645
7,243950,243909,243912,243908,243856
1,244120,244121,244125,244120,244067
3,244260,244333,244338,244333,244278
4,244530,244546,244550,244545,244489
6,244760,244758,244763,244757,244700
10,244950,244970,244975,244969,244910
8,245210,245182,245188,245181,245121
2,245580,245600,245601,245594,245543
9,245810,245812,245814,245806,245754
7,246050,246023,246026,246018,245965
5,246230,246235,246238,246230,246176
3,246480,246446,246450,246442,246387
1,246640,246658,246663,246654,246597
6,246870,246870,246875,246866,246808
4,247080,247081,247087,247078,247019
8,247250,247293,247299,247290,247230
10,247500,247504,247511,247502,247441
9,247700,247716,247724,247715,247652
2,247910,247927,247936,247927,247863
5,248150,248139,248148,248139,248074
7,248350,248350,248360,248351,248284
3,248550,248562,248573,248563,248495
6,248800,248774,248785,248775,248706
1,248990,248985,248997,248987,248917
4,249200,249197,249209,249199,249128
10,249400,249408,249422,249411,249339
8,249630,249620,249634,249623,249550
2,250050,250048,250051,250038,249971
9,250290,250259,250263,250250,250182
7,250500,250471,250475,250463,250393
5,250690,250682,250687,250676,250604
6,250930,250894,250899,250889,250815
3,251080,251105,251111,251101,251026
4,251320,251317,251323,251314,251237
1,251520,251528,251535,251527,251447
8,251710,251740,251746,251740,251658
10,251940,251951,251958,251953,251869
2,252160,252163,252170,252165,252080
7,252350,252374,252382,252378,252291
9,252580,252586,252594,252591,252502
6,252810,252797,252806,252804,252713
5,253030,253009,253018,253017,252923
3,253220,253221,253230,253229,253134
1,253420,253432,253442,253442,253345
4,253640,253644,253654,253655,253556
10,253850,253855,253866,253868,253767
8,254090,254067,254078,254080,253978
7,254500,254505,254510,254511,254400
2,254730,254718,254723,254724,254610
6,254970,254931,254935,254937,254821
9,255150,255144,255147,255150,255032
3,255360,255357,255359,255362,255243
5,255560,255570,255571,255575,255454
4,255830,255783,255784,255788,255665
1,256010,255996,255996,256001,255876
8,256170,256209,256208,256214,256087
10,256420,256422,256420,256427,256297
2,256650,256635,256633,256639,256508
7,256880,256848,256845,256852,256719
9,257060,257061,257057,257065,256930
6,257260,257274,257269,257278,257141
5,257490,257487,257481,257491,257352
3,257690,257700,257694,257704,257563
4,257910,257913,257906,257916,257773
8,258140,258126,258118,258129,257984
1,258330,258339,258330,258342,258195
10,258550,258552,258542,258555,258406
7,258940,258974,258968,258973,258828
2,259180,259186,259180,259185,259039
6,259440,259398,259392,259396,259250
9,259600,259610,259605,259608,259460
3,259840,259821,259817,259820,259671
5,260030,260033,260029,260032,259882
8,260260,260245,260241,260244,260093
4,260480,260457,260454,260456,260304
10,260670,260669,260666,260668,260515
1,260860,260880,260878,260880,260726
7,261060,261092,261090,261091,260937
6,261290,261304,261303,261303,261147
2,261500,261516,261515,261515,261358
3,261720,261728,261727,261727,261569
9,261950,261939,261939,261939,261780
8,262190,262151,262151,262151,261991
5,262380,262363,262364,262363,262202
4,262560,262575,262576,262575,262413
1,262770,262787,262788,262786,262623
10,262990,262998,263000,262998,262834
6,263430,263420,263414,263410,263256
7,263660,263631,263626,263621,263467
3,263830,263841,263838,263833,263678
2,264090,264052,264050,264044,263889
8,264220,264262,264262,264256,264100
9,264450,264473,264474,264468,264310
4,264660,264683,264686,264679,264521
5,264860,264894,264897,264891,264732
10,265090,265104,265109,265102,264943
1,265310,265315,265321,265314,265154
7,265560,265525,265533,265525,265365
6,265760,265736,265745,265737,265576
2,266000,265947,265957,265948,265786
3,266140,266157,266169,266160,265997
9,266380,266368,266381,266371,266208
8,266590,266578,266593,266583,266419
5,266760,266789,266804,266795,266630
4,266980,266999,267016,267006,266841
10,267220,267210,267228,267218,267052
1,267400,267420,267440,267429,267263
6,267880,267850,267855,267844,267684
7,268080,268061,268067,268056,267895
3,268260,268273,268278,268268,268106
2,268490,268484,268490,268480,268317
8,268660,268695,268702,268692,268528
9,268910,268907,268913,268904,268739
4,269130,269118,269125,269116,268950
5,269340,269329,269337,269328,269160
1,269520,269541,269548,269540,269371
10,269750,269752,269760,269752,269582
6,269930,269963,269971,269965,269793
3,270160,270175,270183,270177,270004
7,270380,270386,270395,270389,270215
8,270620,270598,270606,270601,270426
2,270820,270809,270818,270813,270636
4,271020,271020,271030,271025,270847
9,271230,271232,271241,271237,271058
5,271440,271443,271453,271449,271269
10,271670,271654,271665,271661,271480
1,271880,271866,271876,271873,271691
3,272330,272300,272300,272294,272113
6,272540,272512,272512,272507,272323
8,272680,272723,272723,272719,272534
7,272920,272935,272935,272931,272745
4,273170,273146,273146,273144,272956
2,273400,273357,273358,273356,273167
5,273610,273569,273570,273568,273378
9,273770,273780,273781,273781,273589
1,273980,273992,273993,273993,273799
10,274230,274203,274205,274205,274010
6,274410,274415,274416,274418,274221
3,274600,274626,274628,274630,274432
7,274780,274837,274839,274842,274643
8,275070,275049,275051,275055,274854
2,275270,275260,275263,275267,275065
4,275460,275472,275474,275479,275276
5,275700,275683,275686,275692,275486
1,275870,275895,275898,275904,275697
9,276100,276106,276109,276116,275908
10,276340,276317,276321,276329,276119
3,276780,276754,276749,276748,276541
6,276950,276965,276960,276960,276752
8,277160,277177,277172,277173,276963
7,277390,277388,277384,277385,277173
4,277610,277599,277596,277597,277384
2,277820,277811,277807,277809,277595
1,278030,278022,278019,278022,277806
5,278260,278233,278231,278234,278017
10,278430,278445,278442,278446,278228
9,278660,278656,278654,278658,278439
3,278930,278867,278866,278871,278649
8,279100,279079,279078,279083,278860
6,279300,279290,279289,279295,279071
4,279520,279502,279501,279507,279282
7,279720,279713,279713,279720,279493
2,279840,279924,279925,279932,279704
5,280120,280136,280136,280144,279915
1,280360,280347,280348,280356,280126
9,280550,280558,280560,280569,280336
10,280760,280770,280771,280781,280547
8,281210,281204,281198,281196,280969
3,281400,281416,281410,281408,281180
4,281670,281627,281622,281621,281391
6,281840,281838,281834,281833,281602
2,282050,282050,282045,282045,281812
7,282270,282261,282257,282258,282023
1,282480,282472,282469,282470,282234
5,282670,282684,282681,282683,282445
10,282860,282895,282893,282895,282656
9,283100,283106,283104,283107,282867
3,283300,283318,283316,283320,283078
8,283560,283529,283528,283532,283289
6,283770,283740,283740,283744,283499
4,283970,283952,283952,283957,283710
2,284170,284163,284163,284169,283921
1,284360,284374,284375,284382,284132
7,284610,284586,284587,284594,284343
5,284780,284797,284799,284806,284554
9,285000,285008,285011,285019,284765
10,285200,285220,285222,285231,284976
8,285680,285662,285652,285650,285397
3,285870,285873,285864,285863,285608
4,286120,286084,286076,286076,285819
6,286320,286296,286288,286289,286030
1,286510,286507,286500,286502,286241
2,286750,286718,286712,286714,286452
5,286940,286929,286924,286927,286662
7,287130,287140,287136,287140,286873
10,287330,287351,287348,287353,287084
9,287560,287563,287560,287566,287295
8,287790,287774,287772,287778,287506
4,287980,287985,287983,287991,287717
3,288180,288196,288195,288204,287928
6,288420,288407,288407,288417,288139
2,288640,288619,288619,288630,288349
1,288820,288830,288831,288842,288560
5,289030,289041,289043,289055,288771
10,289240,289252,289255,289268,288982
7,289450,289463,289467,289481,289193
9,289680,289674,289679,289694,289404
4,290170,290126,290113,290121,289825
8,290370,290337,290325,290333,290036
6,290560,290549,290537,290546,290247
3,290770,290760,290749,290758,290458
1,290970,290971,290962,290971,290669
2,291230,291182,291174,291183,290880
10,291380,291393,291386,291395,291091
5,291620,291605,291598,291608,291302
9,291790,291816,291810,291820,291512
7,292040,292027,292022,292032,291723
8,292260,292238,292235,292245,291934
4,292430,292449,292447,292457,292145
6,292680,292660,292659,292669,292356
1,292880,292872,292871,292882,292567
3,293090,293083,293083,293094,292778
2,293290,293294,293295,293306,292989
5,293510,293505,293507,293519,293199
10,293690,293716,293720,293731,293410
7,293900,293928,293932,293944,293621
9,294140,294139,294144,294156,293832
4,294600,294574,294566,294562,294254
8,294790,294785,294778,294775,294465
1,294980,294996,294990,294987,294675
6,295200,295207,295202,295199,294886
2,295400,295419,295414,295411,295097
3,295640,295630,295626,295624,295308
10,295820,295841,295838,295836,295519
5,296040,296052,296050,296048,295730
9,296260,296263,296263,296261,295941
7,296500,296475,296475,296473,296152
4,296650,296686,296687,296685,296362
8,296910,296897,296899,296897,296573
6,297100,297108,297111,297110,296784
1,297320,297319,297323,297322,296995
2,297530,297531,297535,297534,297206
10,297730,297742,297747,297747,297417
3,297940,297953,297959,297959,297628
9,298160,298164,298171,298171,297838
5,298380,298376,298383,298383,298049
7,298630,298587,298595,298596,298260
8,299050,299032,299023,299024,298682
4,299260,299244,299235,299237,298893
1,299430,299455,299447,299449,299104
6,299660,299666,299660,299662,299315
10,299890,299878,299872,299874,299525
2,300130,300089,300084,300086,299736
9,300280,300300,300296,300299,299947
3,300550,300512,300508,300511,300158
7,300760,300723,300720,300724,300369
5,300950,300934,300932,300936,300580
8,301140,301145,301145,301149,300791
1,301320,301357,301357,301361,301002
4,301550,301568,301569,301574,301212
6,301760,301779,301781,301786,301423
2,302000,301991,301993,301999,301634
10,302210,302202,302205,302211,301845
3,302410,302413,302417,302423,302056
9,302610,302625,302630,302636,302267
5,302830,302836,302842,302848,302478
7,303060,303047,303054,303061,302688
1,303480,303485,303476,303475,303110
8,303710,303696,303688,303687,303321
6,303920,303908,303900,303899,303532
4,304150,304119,304112,304111,303743
10,304320,304330,304325,304323,303954
2,304490,304541,304537,304535,304165
9,304720,304752,304749,304748,304375
3,304960,304963,304961,304960,304586
7,305170,305174,305173,305172,304797
5,305380,305385,305385,305384,305008
8,305620,305596,305597,305596,305219
1,305820,305807,305809,305808,305430
6,306040,306018,306021,306020,305641
10,306250,306229,306233,306232,305851
4,306440,306440,306445,306445,306062
9,306640,306651,306657,306657,306273
2,306850,306862,306869,306869,306484
7,307060,307073,307081,307081,306695
3,307270,307284,307293,307293,306906
5,307510,307495,307506,307505,307117
1,307900,307935,307927,307923,307538
8,308160,308146,308139,308135,307749
10,308380,308357,308351,308348,307960
6,308580,308568,308563,308560,308171
9,308780,308779,308775,308772,308382
4,308990,308990,308987,308985,308593
7,309230,309201,309199,309197,308804
2,309430,309412,309411,309409,309015
5,309620,309623,309623,309622,309225
3,309820,309834,309835,309834,309436
1,309990,310046,310047,310046,309647
8,310260,310257,310259,310258,309858
6,310470,310468,310471,310471,310069
10,310660,310679,310683,310683,310280
4,310860,310890,310895,310895,310491
9,311090,311101,311107,311108,310701
2,311360,311312,311319,311320,310912
7,311520,311523,311531,311532,311123
3,311750,311734,311743,311745,311334
5,311950,311945,311955,311957,311545
8,312390,312388,312380,312375,311967
1,312580,312599,312592,312587,312178
10,312810,312810,312804,312800,312388
6,313030,313021,313015,313013,312599
9,313240,313232,313227,313225,312810
4,313460,313444,313439,313438,313021
7,313630,313655,313651,313650,313232
2,313890,313866,313863,313863,313443
5,314060,314077,314075,314076,313654
3,314280,314288,314287,314288,313864
1,314490,314499,314499,314501,314075
8,314760,314710,314711,314713,314286
10,314950,314921,314923,314926,314497
9,315150,315132,315135,315139,314708
6,315340,315343,315347,315351,314919
7,315590,315554,315559,315564,315130
4,315730,315765,315771,315776,315341
5,315970,315976,315983,315989,315551
2,316180,316187,316195,316202,315762
3,316360,316398,316407,316414,315973
8,316860,316847,316837,316834,316395
1,317080,317059,317049,317047,316606
9,317280,317270,317261,317260,316817
10,317500,317481,317473,317473,317028
7,317670,317692,317685,317686,317238
6,317920,317904,317897,317899,317449
5,318120,318115,318109,318112,317660
4,318350,318326,318321,318325,317871
3,318530,318537,318533,318538,318082
2,318740,318748,318745,318751,318293
8,318970,318960,318957,318963,318504
9,319200,319171,319170,319176,318714
1,319360,319382,319382,319389,318925
10,319590,319593,319594,319602,319136
6,319790,319805,319806,319815,319347
7,320000,320016,320018,320028,319558
4,320200,320227,320230,320241,319769
5,320440,320438,320442,320454,319980
2,320680,320650,320654,320667,320191
3,320860,320861,320866,320880,320401
9,321300,321304,321301,321314,320823
8,321500,321517,321514,321526,321034
10,321770,321730,321726,321738,321245
1,321930,321943,321938,321950,321456
7,322130,322156,322151,322162,321667
6,322370,322369,322363,322374,321877
5,322570,322582,322576,322585,322088
4,322790,322795,322788,322797,322299
3,322990,323008,323001,323009,322510
2,323260,323221,323213,323221,322721
9,323430,323434,323425,323433,322932
8,323650,323647,323638,323645,323143
1,323810,323861,323850,323857,323354
10,324080,324074,324063,324069,323564
7,324240,324287,324275,324280,323775
5,324450,324500,324488,324492,323986
6,324660,324713,324700,324704,324197
4,325120,324926,324912,324916,324408
2,325150,325139,325125,325128,324619
3,325340,325352,325337,325340,324830
8,325700,325785,325743,325754,325251
9,325950,325991,325955,325963,325462
10,326190,326197,326166,326173,325673
1,326420,326403,326378,326382,325884
5,326620,326609,326590,326592,326095
7,326770,326815,326801,326801,326306
6,327250,327021,327013,327011,326517
3,327320,327227,327225,327220,326727
2,327510,327433,327436,327429,326938
4,327720,327639,327648,327639,327149
9,327830,327845,327860,327848,327360
8,328010,328052,328071,328058,327571
10,328260,328258,328283,328267,327782
5,328500,328464,328495,328476,327993
1,328680,328670,328707,328686,328204
7,328910,328876,328918,328895,328414
3,329020,329082,329130,329105,328625
6,329020,329288,329342,329314,328836
4,329390,329494,329553,329524,329047
2,329800,329700,329765,329733,329258
8,330040,330134,330146,330120,329680
9,330320,330342,330356,330330,329890
5,330550,330551,330567,330539,330101
10,330790,330760,330777,330749,330312
7,330950,330968,330988,330958,330523
1,331210,331177,331198,331168,330734
3,331220,331385,331409,331377,330945
6,331630,331594,331619,331587,331156
2,331870,331803,331830,331796,331367
4,332090,332011,332040,332006,331577
8,332150,332220,332251,332215,331788
5,332430,332428,332461,332425,331999
9,332620,332637,332672,332634,332210
10,332860,332846,332882,332844,332421
1,333020,333054,333093,333053,332632
7,333260,333263,333303,333263,332843
3,333400,333471,333514,333472,333054
2,333710,333680,333724,333682,333264
6,333910,333888,333935,333891,333475
4,334180,334097,334145,334101,333686
5,334530,334539,334550,334525,334108
8,334700,334749,334760,334736,334319
10,334970,334958,334970,334947,334530
9,335190,335168,335180,335159,334740
7,335370,335378,335390,335370,334951
1,335570,335588,335600,335581,335162
2,335810,335797,335810,335792,335373
3,335960,336007,336020,336003,335584
4,336240,336217,336230,336215,335795
6,336440,336427,336440,336426,336006
8,336670,336636,336650,336637,336217
5,336880,336846,336860,336848,336427
9,337070,337056,337070,337060,336638
10,337300,337266,337280,337271,336849
7,337480,337475,337490,337482,337060
2,337670,337685,337700,337693,337271
1,337820,337895,337910,337904,337482
3,338110,338105,338120,338116,337693
6,338280,338314,338330,338327,337903
4,338570,338524,338540,338538,338114
5,338940,338964,338967,338963,338536
8,339150,339175,339178,339174,338747
10,339400,339386,339388,339386,338958
9,339600,339597,339598,339597,339169
2,339860,339809,339808,339808,339380
7,340020,340020,340019,340019,339590
3,340190,340231,340229,340230,339801
1,340450,340442,340439,340442,340012
4,340630,340653,340649,340653,340223
6,340900,340865,340860,340864,340434
5,341050,341076,341070,341075,340645
10,341280,341287,341280,341286,340856
8,341490,341498,341491,341497,341067
2,341720,341709,341701,341709,341277
9,341880,341920,341911,341920,341488
7,342150,342132,342121,342131,341699
1,342330,342343,342332,342342,341910
3,342550,342554,342542,342553,342121
6,342790,342765,342752,342765,342332
4,343010,342976,342962,342976,342543
10,343410,343403,343387,343387,342964
5,343620,343613,343598,343598,343175
2,343810,343822,343808,343809,343386
8,343990,344031,344018,344019,343597
7,344240,344241,344229,344230,343808
9,344430,344450,344439,344441,344019
3,344630,344660,344649,344652,344230
1,344850,344869,344860,344863,344440
4,345110,345078,345070,345073,344651
6,345340,345288,345280,345284,344862
5,345500,345497,345491,345495,345073
10,345710,345707,345701,345706,345284
8,345920,345916,345912,345916,345495
2,346070,346125,346122,346127,345706
9,346360,346335,346332,346338,345917
7,346570,346544,346543,346549,346127
3,346720,346754,346753,346760,346338
4,346950,346963,346963,346970,346549
1,347180,347172,347174,347181,346760
6,347380,347382,347384,347392,346971
10,347820,347821,347808,347805,347393
5,348010,348031,348018,348016,347603
2,348270,348240,348229,348227,347814
8,348430,348449,348439,348438,348025
7,348700,348659,348650,348649,348236
9,348850,348868,348860,348860,348447
4,349060,349077,349071,349071,348658
3,349270,349286,349281,349283,348869
6,349500,349496,349491,349494,349080
1,349710,349705,349702,349705,349290
10,349920,349914,349912,349916,349501
2,350130,350123,350123,350127,349712
5,350320,350333,350333,350338,349923
7,350600,350542,350544,350550,350134
8,350800,350751,350754,350761,350345
4,350970,350961,350964,350972,350556
9,351170,351170,351175,351183,350766
3,351340,351379,351385,351394,350977
1,351580,351588,351596,351605,351188
6,351760,351798,351806,351816,351399
2,352300,352246,352236,352238,351821
10,352450,352456,352447,352449,352032
7,352670,352666,352657,352661,352243
5,352890,352876,352868,352872,352453
4,353130,353086,353079,353083,352664
8,353320,353297,353289,353295,352875
3,353480,353507,353500,353506,353086
9,353700,353717,353711,353717,353297
6,353900,353927,353921,353929,353508
1,354130,354137,354132,354140,353719
10,354350,354348,354343,354351,353930
2,354560,354558,354553,354562,354140
5,354750,354768,354764,354774,354351
7,354930,354978,354975,354985,354562
8,355220,355188,355185,355196,354773
4,355370,355399,355396,355408,354984
9,355610,355609,355607,355619,355195
3,355840,355819,355817,355830,355406
6,356030,356029,356028,356042,355616
1,356280,356240,356239,356253,355827
2,356700,356675,356666,356670,356249
10,356890,356886,356877,356881,356460
7,357080,357096,357088,357092,356671
5,357290,357307,357298,357303,356882
4,357530,357517,357509,357514,357093
8,357740,357728,357720,357724,357303
3,357930,357938,357931,357935,357514
9,358110,358149,358142,358146,357725
1,358330,358359,358353,358357,357936
6,358600,358570,358563,358568,358147
2,358770,358780,358774,358779,358358
7,359000,358991,358985,358990,358569
10,359190,359201,359196,359201,358779
4,359390,359411,359407,359412,358990
5,359590,359622,359618,359623,359201
3,359820,359832,359828,359833,359412
8,360050,360043,360039,360044,359623
9,360250,360253,360250,360255,359834
6,360500,360464,360461,360466,360045
1,360710,360674,360672,360677,360256
7,361100,361098,361091,361084,360677
2,361280,361308,361302,361296,360888
4,361510,361519,361513,361507,361099
10,361720,361729,361724,361718,361310
3,361870,361939,361935,361929,361521
5,362170,362150,362145,362141,361732
9,362320,362360,362356,362352,361943
8,362590,362570,362567,362563,362153
1,362760,362781,362778,362775,362364
6,363010,362991,362989,362986,362575
2,363220,363202,363199,363197,362786
7,363410,363412,363410,363408,362997
10,363610,363622,363621,363620,363208
4,363790,363833,363832,363831,363419
5,364060,364043,364043,364042,363629
3,364250,364254,364253,364254,363840
9,364460,364464,364464,364465,364051
1,364640,364674,364675,364676,364262
8,364910,364885,364886,364887,364473
6,365150,365095,365097,365099,364684
7,365550,365529,365525,365525,365106
2,365740,365741,365736,365737,365316
4,365940,365952,365947,365948,365527
10,366140,366163,366158,366160,365738
3,366330,366374,366369,366371,365949
5,366580,366585,366580,366583,366160
1,366800,366796,366791,366794,366371
9,367010,367008,367002,367006,366582
6,367260,367219,367213,367218,366792
8,367450,367430,367424,367429,367003
7,367650,367641,367635,367641,367214
4,367850,367852,367846,367852,367425
2,368030,368064,368057,368064,367636
3,368250,368275,368268,368276,367847
10,368480,368486,368479,368487,368058
5,368700,368697,368690,368699,368269
9,368920,368908,368901,368910,368479
1,369120,369120,369112,369122,368690
8,369360,369331,369323,369333,368901
6,369540,369542,369534,369545,369112
4,369940,369968,369959,369961,369534
7,370150,370179,370170,370172,369745
3,370370,370389,370381,370383,369956
2,370600,370600,370592,370594,370166
5,370830,370810,370803,370805,370377
10,371010,371021,371014,371016,370588
1,371280,371231,371225,371227,370799
9,371450,371442,371436,371438,371010
6,371660,371652,371647,371649,371221
8,371880,371863,371858,371860,371432
7,372070,372073,372070,372072,371642
4,372260,372284,372281,372283,371853
2,372500,372494,372492,372494,372064
3,372690,372705,372703,372705,372275
5,372920,372915,372914,372916,372486
1,373090,373126,373125,373127,372697
10,373320,373336,373336,373338,372908
9,373520,373547,373547,373549,373119
8,373790,373757,373758,373760,373329
6,373990,373968,373969,373971,373540
4,374410,374393,374388,374383,373962
7,374590,374603,374599,374594,374173
3,374780,374814,374809,374806,374384
2,375000,375024,375020,375017,374595
1,375250,375234,375231,375228,374805
5,375470,375445,375442,375439,375016
9,375640,375655,375653,375650,375227
10,375870,375865,375864,375861,375438
6,376100,376076,376075,376072,375649
8,376310,376286,376286,376283,375860
4,376440,376496,376497,376494,376071
3,376690,376707,376708,376705,376282
7,376890,376917,376919,376916,376492
2,377110,377127,377130,377127,376703
5,377320,377337,377341,377338,376914
1,377520,377548,377552,377549,377125
9,377760,377758,377763,377760,377336
6,377980,377968,377974,377971,377547
10,378180,378179,378185,378183,377758
8,378460,378389,378396,378394,377969
3,378820,378821,378816,378806,378390
4,379060,379031,379027,379018,378601
2,379270,379241,379238,379230,378812
7,379450,379452,379449,379442,379023
1,379660,379662,379660,379654,379234
5,379880,379872,379871,379865,379445
6,380100,380082,380081,380077,379655
9,380270,380293,380292,380289,379866
8,380460,380503,380503,380501,380077
10,380710,380713,380714,380713,380288
4,380890,380923,380925,380924,380499
3,381130,381134,381136,381136,380710
2,381370,381344,381347,381348,380921
1,381540,381554,381558,381560,381132
7,381780,381764,381769,381772,381342
5,381930,381975,381980,381983,381553
9,382150,382185,382190,382195,381764
6,382410,382395,382401,382407,381975
10,382620,382605,382612,382619,382186
8,382870,382816,382823,382831,382397
3,383260,383262,383256,383258,382818
4,383510,383473,383467,383470,383029
1,383710,383684,383679,383682,383240
2,383960,383895,383890,383894,383451
5,384140,384107,384101,384106,383662
7,384300,384318,384312,384318,383873
6,384550,384529,384523,384530,384084
9,384690,384740,384735,384742,384295
8,384910,384951,384946,384954,384505
10,385160,385162,385157,385166,384716
3,385360,385373,385368,385379,384927
4,385590,385585,385579,385591,385138
2,385830,385796,385791,385803,385349
1,386000,386007,386002,386015,385560
5,386220,386218,386213,386227,385771
6,386420,386429,386424,386439,385982
7,386640,386640,386635,386651,386192
8,386870,386852,386847,386863,386403
9,387060,387063,387058,387075,386614
10,387270,387274,387269,387287,386825
4,387750,387714,387697,387703,387247
3,387900,387924,387908,387914,387458
1,388130,388134,388119,388126,387668
2,388370,388344,388331,388337,387879
6,388600,388554,388542,388548,388090
5,388790,388763,388753,388760,388301
8,388980,388973,388965,388971,388512
7,389210,389183,389176,389182,388723
10,389380,389393,389387,389394,388934
9,389590,389603,389599,389605,389145
4,389800,389813,389810,389816,389355
1,390010,390022,390021,390027,389566
3,390250,390232,390232,390239,389777
2,390430,390442,390444,390450,389988
5,390640,390652,390655,390661,390199
6,390850,390862,390866,390873,390410
7,391050,391072,391078,391084,390621
8,391290,391281,391289,391295,390831
9,391490,391491,391500,391507,391042
10,391700,391701,391711,391718,391253
1,392150,392140,392131,392134,391675
4,392390,392350,392342,392345,391886
2,392530,392560,392553,392555,392097
3,392740,392770,392764,392766,392308
6,393030,392980,392976,392977,392518
5,393210,393190,393187,393187,392729
8,393390,393400,393398,393398,392940
7,393570,393610,393609,393609,393151
10,393790,393820,393820,393819,393362
9,394040,394030,394031,394030,393573
4,394230,394240,394243,394241,393784
1,394440,394450,394454,394452,393995
2,394660,394660,394665,394662,394205
6,394900,394869,394876,394873,394416
3,395110,395079,395087,395084,394627
8,395310,395289,395299,395294,394838
5,395500,395499,395510,395505,395049
10,395710,395709,395721,395716,395260
7,395870,395919,395932,395926,395471
9,396140,396129,396143,396137,395681
1,396540,396559,396554,396548,396103
4,396790,396769,396765,396758,396314
6,396960,396978,396976,396969,396525
2,397170,397188,397187,397179,396736
8,397380,397398,397397,397390,396947
3,397630,397607,397608,397601,397158
10,397830,397817,397819,397811,397368
5,398030,398026,398030,398022,397579
9,398230,398236,398241,398232,397790
7,398470,398445,398452,398443,398001
1,398600,398655,398662,398653,398212
4,398830,398865,398873,398864,398423
2,399080,399074,399084,399074,398634
6,399260,399284,399295,399285,398844
3,399500,399493,399506,399495,399055
8,399740,399703,399716,399706,399266
5,399930,399912,399927,399917,399477
10,400090,400122,400138,400127,399688
7,400340,400332,400349,400338,399899
9,400560,400541,400560,400548,400110
4,400990,400975,400973,400963,400531
1,401190,401185,401183,401174,400742
6,401400,401394,401394,401385,400953
2,401610,401604,401605,401596,401164
8,401800,401814,401815,401806,401375
3,402000,402023,402026,402017,401586
10,402210,402233,402236,402228,401797
5,402440,402443,402447,402439,402008
9,402650,402653,402657,402650,402218
7,402880,402862,402868,402861,402429
1,403050,403072,403079,403072,402640
4,403270,403282,403289,403283,402851
6,403490,403492,403500,403494,403062
8,403720,403701,403710,403705,403273
2,403920,403911,403921,403916,403484
10,404120,404121,404131,404127,403694
3,404310,404331,404342,404337,403905
9,404530,404540,404553,404548,404116
5,404750,404750,404763,404759,404327
7,405000,404960,404974,404970,404538
4,405410,405399,405394,405387,404960
1,405610,405609,405605,405598,405171
8,405790,405819,405815,405810,405381
6,406020,406029,406026,406021,405592
10,406270,406239,406236,406232,405803
2,406480,406449,406447,406444,406014
9,406650,406659,406657,406655,406225
3,406870,406868,406868,406866,406436
7,407100,407078,407078,407078,406647
5,407320,407288,407289,407289,406857
4,407460,407498,407500,407500,407068
8,407740,407708,407710,407711,407279
1,407900,407918,407921,407923,407490
6,408110,408128,408131,408134,407701
2,408350,408337,408342,408345,407912
10,408520,408547,408552,408557,408123
3,408750,408757,408763,408768,408334
9,408970,408967,408973,408979,408544
5,409170,409177,409184,409191,408755
7,409400,409387,409394,409402,408966
8,409840,409831,409822,409818,409388
4,410050,410041,410033,410030,409599
6,410250,410251,410243,410241,409810
1,410470,410461,410454,410453,410021
10,410690,410671,410665,410665,410231
2,410910,410881,410875,410877,410442
9,411120,411092,411086,411088,410653
3,411310,411302,411297,411300,410864
7,411480,411512,411507,411512,411075
5,411720,411722,411718,411724,411286
8,411920,411932,411929,411935,411497
4,412150,412142,412139,412147,411707
1,412320,412352,412350,412359,411918
6,412550,412562,412561,412571,412129
10,412780,412772,412771,412782,412340
9,413000,412983,412982,412994,412551
2,413200,413193,413193,413206,412762
7,413410,413403,413404,413418,412973
3,413570,413613,413614,413629,413184
5,413850,413823,413825,413841,413394
4,414290,414267,414260,414262,413816
8,414470,414479,414471,414474,414027
6,414750,414690,414682,414686,414238
1,414910,414901,414893,414898,414449
9,415070,415112,415104,415110,414660
10,415300,415324,415315,415322,414870
7,415490,415535,415526,415534,415081
2,415770,415746,415737,415746,415292
5,415960,415958,415948,415958,415503
3,416160,416169,416160,416170,415714
8,416390,416380,416371,416382,415925
4,416570,416591,416582,416594,416136
6,416820,416803,416793,416806,416347
9,417040,417014,417004,417018,416557
1,417230,417225,417215,417230,416768
10,417420,417436,417426,417442,416979
2,417690,417648,417637,417654,417190
7,417840,417859,417848,417866,417401
3,418060,418070,418059,418078,417612
5,418290,418282,418270,418290,417823
4,418730,418719,418703,418709,418244
8,418890,418930,418914,418921,418455
9,419110,419140,419126,419133,418666
6,419360,419351,419337,419344,418877
10,419580,419562,419548,419556,419088
1,419780,419772,419760,419768,419299
7,420020,419983,419971,419979,419510
2,420250,420193,420182,420191,419720
5,420430,420404,420394,420403,419931
3,420620,420615,420605,420614,420142
4,420780,420825,420816,420826,420353
9,421000,421036,421028,421037,420564
8,421250,421246,421239,421249,420775
6,421420,421457,421451,421461,420986
1,421660,421668,421662,421672,421197
10,421900,421878,421873,421884,421407
7,422100,422089,422085,422096,421618
5,422310,422299,422296,422307,421829
2,422500,422510,422507,422519,422040
3,422710,422721,422719,422731,422251
9,423130,423156,423143,423148,422673
4,423340,423366,423354,423359,422883
6,423530,423576,423566,423570,423094
8,423780,423787,423777,423781,423305
10,424000,423997,423989,423992,423516
1,424270,424208,424200,424203,423727
5,424460,424418,424411,424414,423938
7,424650,424628,424623,424625,424149
3,424800,424839,424834,424836,424360
2,425110,425049,425045,425047,424570
4,425250,425259,425257,425259,424781
9,425470,425470,425468,425470,424992
8,425670,425680,425680,425681,425203
6,425860,425890,425891,425892,425414
10,426090,426101,426102,426103,425625
5,426310,426311,426314,426314,425836
1,426490,426521,426525,426525,426047
7,426750,426732,426737,426736,426257
2,426940,426942,426948,426947,426468
3,427160,427152,427159,427158,426679
9,427550,427579,427573,427563,427101
4,427780,427789,427784,427774,427312
6,427960,427999,427995,427986,427523
8,428210,428209,428207,428197,427733
5,428420,428420,428418,428409,427944
10,428640,428630,428629,428620,428155
7,428850,428840,428840,428832,428366
1,429050,429050,429051,429043,428577
3,429230,429260,429262,429254,428788
2,429510,429470,429473,429466,428999
9,429700,429680,429684,429677,429210
6,429840,429890,429896,429889,429420
4,430070,430101,430107,430100,429631
5,430320,430311,430318,430311,429842
8,430520,430521,430529,430523,430053
10,430730,430731,430740,430734,430264
1,430890,430941,430951,430946,430475
7,431160,431151,431162,431157,430686
2,431410,431361,431374,431369,430897
3,431590,431572,431585,431580,431107
6,432030,432014,432011,432008,431529
9,432220,432225,432222,432220,431740
5,432430,432436,432433,432431,431951
4,432660,432647,432644,432643,432162
10,432860,432858,432856,432855,432373
8,433070,433069,433067,433067,432583
7,433290,433280,433278,433279,432794
1,433450,433491,433489,433491,433005
3,433700,433702,433700,433703,433216
2,434000,433913,433912,433915,433427
9,434100,434124,434123,434126,433638
6,434320,434335,434334,434338,433849
4,434520,434547,434545,434550,434060
5,434760,434758,434757,434762,434270
8,434990,434969,434968,434974,434481
10,435190,435180,435179,435186,434692
7,435380,435391,435390,435398,434903
3,435600,435602,435602,435610,435114
1,435790,435813,435813,435821,435325
2,436050,436024,436024,436033,435536
6,436460,436456,436449,436450,435957
9,436660,436667,436660,436662,436168
5,436870,436878,436871,436873,436379
4,437110,437089,437083,437084,436590
10,437290,437300,437294,437296,436801
8,437510,437510,437505,437507,437012
3,437730,437721,437717,437718,437223
7,437940,437932,437928,437930,437433
2,438110,438143,438139,438141,437644
1,438340,438354,438350,438352,437855
6,438550,438565,438562,438564,438066
5,438780,438776,438773,438775,438277
9,438990,438987,438984,438986,438488
10,439190,439197,439196,439198,438699
4,439410,439408,439407,439409,438910
3,439550,439619,439618,439620,439120
8,439860,439830,439830,439832,439331
7,440070,440041,440041,440043,439542
1,440260,440252,440252,440254,439753
2,440480,440463,440463,440466,439964
5,440880,440891,440882,440874,440386
6,441080,441101,441093,441086,440596
10,441290,441311,441304,441297,440807
9,441510,441521,441515,441509,441018
3,441730,441731,441727,441721,441229
4,441950,441942,441938,441932,441440
7,442170,442152,442149,442144,441651
8,442400,442362,442360,442356,441862
2,442580,442572,442571,442567,442073
1,442790,442782,442782,442779,442283
6,442960,442992,442994,442991,442494
5,443220,443202,443205,443203,442705
9,443410,443412,443416,443414,442916
10,443610,443622,443627,443626,443127
4,443800,443832,443838,443838,443338
3,443980,444043,444049,444049,443549
8,444290,444253,444260,444261,443759
7,444500,444463,444472,444473,443970
2,444670,444673,444683,444684,444181
1,444880,444883,444894,444896,444392
5,445310,445326,445323,445324,444814
6,445540,445538,445535,445536,445025
10,445770,445749,445746,445748,445236
9,445960,445960,445957,445960,445446
3,446160,446172,446169,446171,445657
4,446410,446383,446380,446383,445868
7,446600,446595,446591,446595,446079
8,446820,446806,446803,446807,446290
1,447010,447018,447014,447019,446501
2,447270,447229,447226,447231,446712
5,447450,447440,447437,447443,446923
10,447660,447652,447648,447655,447133
6,447870,447863,447860,447867,447344
3,448020,448075,448071,448079,447555
9,448270,448286,448282,448291,447766
7,448480,448498,448494,448503,447977
4,448690,448709,448705,448714,448188
8,448960,448920,448916,448926,448399
2,449150,449132,449128,449138,448609
1,449340,449343,449339,449350,448820
10,449790,449775,449763,449767,449242
5,449990,449985,449975,449979,449453
3,450130,450196,450186,450190,449664
6,450400,450406,450398,450401,449875
7,450650,450617,450609,450612,450086
9,450830,450827,450820,450823,450296
8,451040,451038,451032,451034,450507
4,451270,451248,451243,451246,450718
1,451480,451459,451454,451457,450929
2,451710,451669,451666,451668,451140
5,451860,451879,451877,451879,451351
10,452080,452090,452089,452090,451562
6,452260,452300,452300,452301,451772
3,452450,452511,452511,452513,451983
9,452740,452721,452723,452724,452194
7,452960,452932,452934,452935,452405
8,453170,453142,453146,453146,452616
1,453340,453353,453357,453357,452827
4,453520,453563,453568,453568,453038
2,453800,453773,453780,453780,453249
10,454190,454199,454194,454187,453670
5,454400,454409,454405,454398,453881
3,454540,454620,454617,454609,454092
6,454860,454830,454828,454821,454303
7,455050,455040,455039,455032,454514
9,455240,455250,455250,455243,454725
1,455440,455461,455461,455454,454936
8,455710,455671,455672,455665,455146
2,455860,455881,455883,455877,455357
4,456130,456091,456095,456088,455568
10,456280,456302,456306,456299,455779
3,456480,456512,456517,456510,455990
5,456720,456722,456728,456722,456201
7,456930,456933,456939,456933,456412
6,457140,457143,457150,457144,456622
9,457370,457353,457362,457355,456833
8,457590,457563,457573,457566,457044
1,457780,457774,457784,457778,457255
4,457950,457984,457995,457989,457466
2,458210,458194,458206,458200,457677
3,458620,458626,458628,458622,458099
10,458830,458838,458839,458833,458309
7,459000,459049,459050,459045,458520
5,459260,459260,459261,459257,458731
9,459470,459471,459472,459468,458942
6,459710,459683,459683,459680,459153
1,459880,459894,459895,459892,459364
8,460140,460105,460106,460103,459575
2,460320,460316,460317,460315,459785
4,460560,460528,460528,460527,459996
10,460730,460739,460739,460738,460207
3,460950,460950,460950,460950,460418
5,461160,461161,461161,461162,460629
7,461350,461373,461373,461373,460840
9,461580,461584,461584,461585,461051
1,461740,461795,461795,461797,461262
6,462010,462006,462006,462008,461472
8,462220,462218,462217,462220,461683
4,462440,462429,462428,462432,461894
2,462680,462640,462639,462643,462105
3,463040,463068,463064,463062,462527
10,463300,463279,463275,463273,462738
7,463500,463490,463486,463485,462949
5,463720,463701,463697,463696,463159
1,463890,463912,463908,463908,463370
9,464100,464123,464120,464119,463581
8,464320,464334,464331,464331,463792
6,464550,464545,464542,464543,464003
2,464760,464756,464753,464754,464214
4,465000,464967,464965,464966,464425
3,465160,465179,465176,465177,464635
7,465380,465390,465387,465389,464846
10,465590,465601,465598,465600,465057
5,465810,465812,465809,465812,465268
9,466010,466023,466021,466024,465479
1,466180,466234,466232,466235,465690
8,466470,466445,466443,466447,465901
2,466650,466656,466654,466658,466112
6,466900,466867,466865,466870,466322
4,467100,467078,467077,467081,466533
7,467510,467505,467500,467496,466955
3,467690,467715,467711,467707,467166
5,467930,467926,467922,467919,467377
10,468130,468137,468133,468131,467588
1,468350,468348,468344,468342,467798
9,468530,468559,468556,468554,468009
2,468840,468770,468767,468766,468220
8,468960,468981,468978,468977,468431
4,469160,469192,469189,469189,468642
6,469410,469403,469401,469401,468853
3,469600,469614,469612,469612,469064
7,469860,469824,469823,469824,469275
5,470030,470035,470034,470036,469485
1,470190,470246,470245,470247,469696
10,470460,470457,470457,470459,469907
9,470650,470668,470668,470671,470118
8,470870,470879,470879,470882,470329
2,471140,471090,471090,471094,470540
6,471290,471301,471302,471306,470751
4,471530,471512,471513,471517,470962
7,471950,471936,471939,471932,471383
3,472140,472148,472151,472144,471594
1,472330,472360,472362,472357,471805
5,472570,472573,472574,472569,472016
9,472740,472785,472785,472781,472227
10,473020,472997,472996,472994,472438
2,473180,473209,473208,473206,472648
8,473410,473422,473419,473419,472859
4,473630,473634,473630,473631,473070
6,473830,473846,473842,473843,473281
7,474060,474058,474053,474056,473492
3,474270,474271,474265,474268,473703
5,474500,474483,474476,474480,473914
1,474670,474695,474687,474693,474125
9,474900,474907,474899,474905,474335
2,475140,475120,475110,475118,474546
10,475340,475332,475322,475330,474757
4,475540,475544,475533,475542,474968
8,475770,475756,475744,475755,475179
6,476000,475969,475956,475967,475390
3,476480,476402,476392,476400,475811
7,476650,476613,476603,476612,476022
1,476810,476825,476815,476824,476233
5,477050,477037,477027,477036,476444
2,477260,477248,477239,477248,476655
9,477430,477460,477450,477460,476866
4,477670,477672,477662,477672,477077
10,477850,477883,477874,477884,477288
6,478090,478095,478086,478096,477498
8,478340,478307,478297,478308,477709
3,478500,478518,478509,478521,477920
1,478690,478730,478721,478733,478131
7,478940,478941,478933,478945,478342
5,479140,479153,479144,479157,478553
9,479350,479365,479356,479369,478764
2,479570,479576,479568,479581,478975
10,479770,479788,479780,479793,479185
4,480010,480000,479991,480005,479396
8,480230,480211,480203,480217,479607
6,480460,480423,480415,480429,479818
1,480850,480843,480835,480836,480240
3,481050,481054,481046,481047,480451
5,481270,481264,481258,481258,480661
7,481460,481475,481470,481469,480872
2,481640,481686,481681,481681,481083
9,481880,481897,481893,481892,481294
4,482100,482108,482105,482103,481505
10,482310,482318,482316,482314,481716
6,482540,482529,482528,482526,481927
8,482770,482740,482739,482737,482138
3,482930,482951,482951,482948,482348
1,483150,483161,483163,483159,482559
5,483380,483372,483374,483371,482770
2,483640,483583,483586,483582,482981
7,483800,483794,483798,483793,483192
4,483980,484005,484009,484004,483403
9,484180,484215,484221,484216,483614
6,484390,484426,484432,484427,483824
10,484610,484637,484644,484638,484035
8,484920,484848,484856,484849,484246
1,485310,485287,485271,485265,484668
3,485510,485496,485482,485476,484879
2,485730,485704,485693,485688,485090
5,485930,485913,485905,485899,485301
4,486150,486122,486116,486111,485511
7,486330,486330,486327,486322,485722
6,486600,486539,486539,486534,485933
9,486750,486748,486750,486746,486144
8,486930,486956,486961,486957,486355
10,487160,487165,487172,487169,486566
1,487370,487374,487384,487380,486777
3,487620,487583,487595,487592,486988
5,487830,487791,487806,487803,487198
2,488030,488000,488018,488015,487409
7,488210,488209,488229,488227,487620
4,488410,488417,488440,488438,487831
6,488600,488626,488651,488650,488042
9,488650,488835,488863,488861,488253
10,489080,489043,489074,489073,488464
8,489290,489252,489285,489284,488674
3,489720,489709,489708,489710,489096
1,489930,489920,489919,489921,489307
2,490180,490130,490130,490132,489518
5,490410,490341,490342,490343,489729
4,490600,490551,490553,490555,489940
7,490750,490761,490764,490766,490151
6,490970,490972,490975,490977,490361
9,491160,491182,491186,491188,490572
8,491370,491393,491398,491399,490783
10,491600,491603,491609,491610,490994
1,491830,491814,491820,491822,491205
3,492050,492024,492031,492033,491416
2,492230,492235,492243,492244,491627
4,492440,492445,492454,492455,491837
5,492680,492656,492665,492666,492048
6,492840,492866,492876,492877,492259
7,493070,493077,493087,493089,492470
8,493280,493287,493299,493300,492681
9,493500,493498,493510,493511,492892
10,493710,493708,493721,493722,493103
3,494140,494142,494134,494128,493524
1,494330,494352,494345,494339,493735
4,494570,494561,494556,494550,493946
2,494770,494771,494767,494761,494157
6,495020,494980,494978,494971,494368
5,495220,495189,495189,495182,494579
8,495400,495399,495400,495393,494790
7,495620,495608,495611,495604,495001
10,495810,495818,495822,495815,495211
9,496020,496027,496033,496026,495422
3,496170,496236,496243,496237,495633
4,496450,496446,496454,496448,495844
1,496640,496655,496665,496659,496055
2,496890,496865,496876,496870,496266
5,497080,497074,497087,497081,496477
6,497290,497283,497298,497292,496687
7,497460,497493,497509,497502,496898
8,497700,497702,497720,497713,497109
9,497910,497912,497931,497924,497320
10,498140,498121,498142,498135,497531
4,498580,498565,498561,498557,497953
3,498780,498775,498772,498768,498164
2,499010,498985,498983,498979,498374
1,499210,499195,499194,499190,498585
6,499430,499405,499404,499401,498796
5,499620,499615,499615,499613,499007
8,499830,499825,499826,499824,499218
7,500010,500035,500037,500035,499429
10,500230,500246,500248,500246,499640
9,500460,500456,500459,500457,499850
4,500620,500666,500669,500668,500061
3,500860,500876,500880,500879,500272
1,501060,501086,501091,501090,500483
2,501320,501296,501302,501301,500694
6,501480,501506,501513,501512,500905
8,501740,501716,501723,501724,501116
5,501940,501927,501934,501935,501327
10,502130,502137,502145,502146,501537
7,502350,502347,502356,502357,501748
9,502590,502557,502567,502568,501959
3,503000,502996,502985,502983,502381
4,503240,503205,503196,503194,502592
2,503430,503415,503407,503405,502803
1,503630,503624,503617,503616,503014
8,503810,503833,503828,503826,503224
6,504010,504043,504039,504037,503435
10,504270,504252,504249,504248,503646
5,504510,504461,504460,504459,503857
9,504650,504671,504671,504669,504068
7,504910,504880,504882,504880,504279
4,505030,505089,505092,505091,504490
3,505300,505299,505303,505302,504700
2,505540,505508,505514,505512,504911
8,505720,505718,505724,505723,505122
1,505900,505927,505935,505934,505333
6,506060,506136,506146,506145,505544
5,506360,506346,506356,506355,505755
10,506560,506555,506567,506566,505966
7,506780,506764,506778,506777,506177
9,507000,506974,506989,506988,506387
3,507440,507413,507405,507400,506809
4,507630,507623,507616,507611,507020
8,507810,507832,507826,507822,507231
2,508090,508041,508037,508033,507442
6,508280,508251,508248,508243,507653
1,508430,508460,508458,508454,507863
10,508660,508669,508669,508665,508074
5,508870,508879,508879,508876,508285
9,509080,509088,509090,509086,508496
7,509300,509298,509300,509297,508707
3,509440,509507,509511,509508,508918
8,509730,509716,509721,509719,509129
4,509910,509926,509932,509929,509340
2,510140,510135,510142,510140,509550
1,510340,510344,510353,510351,509761
6,510540,510554,510563,510562,509972
10,510750,510763,510774,510772,510183
9,510970,510973,510985,510983,510394
5,511210,511182,511195,511194,510605
7,511430,511391,511406,511405,510816
8,511830,511832,511826,511821,511237
3,512050,512042,512036,512032,511448
2,512250,512252,512247,512243,511659
4,512480,512461,512457,512454,511870
6,512690,512671,512668,512665,512081
1,512880,512881,512878,512876,512292
9,513100,513091,513089,513087,512503
10,513310,513301,513299,513298,512713
7,513470,513510,513510,513509,512924
5,513700,513720,513720,513720,513135
3,513880,513930,513931,513931,513346
8,514130,514140,514141,514142,513557
4,514350,514350,514352,514353,513768
2,514580,514560,514562,514564,513979
6,514780,514769,514773,514775,514190
9,515000,514979,514983,514986,514400
1,515200,515189,515194,515197,514611
10,515410,515399,515404,515408,514822
5,515600,515609,515615,515619,515033
7,515820,515818,515826,515830,515244
8,516260,516261,516248,516246,515666
3,516460,516470,516459,516457,515877
2,516700,516680,516669,516668,516087
4,516920,516889,516880,516879,516298
9,517090,517098,517090,517090,516509
6,517310,517308,517301,517301,516720
10,517540,517517,517512,517512,516931
1,517760,517726,517722,517723,517142
7,517930,517936,517933,517934,517353
5,518160,518145,518143,518145,517563
8,518360,518354,518354,518357,517774
2,518530,518564,518564,518568,517985
3,518740,518773,518775,518779,518196
9,518990,518982,518985,518990,518407
4,519180,519192,519196,519201,518618
6,519370,519401,519406,519412,518829
1,519590,519610,519617,519623,519040
10,519820,519820,519827,519834,519250
5,520040,520029,520038,520045,519461
7,520270,520238,520248,520256,519672
2,520730,520683,520674,520674,520094
8,520890,520893,520884,520885,520305
9,521090,521103,521095,521096,520516
3,521280,521313,521305,521307,520726
6,521520,521523,521516,521518,520937
4,521730,521733,521727,521729,521148
10,521960,521943,521937,521940,521359
1,522150,522152,522148,522151,521570
7,522300,522362,522359,522362,521781
5,522550,522572,522569,522573,521992
8,522840,522782,522780,522784,522203
2,523030,522992,522990,522995,522413
3,523250,523202,523201,523206,522624
9,523420,523412,523412,523417,522835
4,523640,523622,523622,523628,523046
6,523800,523832,523833,523839,523257
10,524040,524042,524044,524050,523468
7,524200,524252,524254,524261,523679
1,524440,524462,524465,524472,523890
5,524710,524672,524675,524683,524100
2,525130,525111,525098,525095,524522
8,525300,525320,525309,525306,524733
9,525510,525530,525519,525517,524944
3,525720,525739,525730,525728,525155
6,525990,525949,525941,525940,525366
4,526180,526158,526151,526151,525576
7,526370,526368,526362,526362,525787
10,526580,526578,526573,526573,525998
5,526790,526787,526783,526784,526209
1,526990,526997,526994,526995,526420
2,527180,527206,527204,527207,526631
9,527390,527416,527415,527418,526842
8,527640,527625,527626,527629,527053
6,527840,527835,527836,527840,527263
3,528040,528044,528047,528051,527474
7,528270,528254,528258,528262,527685
4,528440,528464,528468,528474,527896
10,528660,528673,528679,528685,528107
1,528860,528883,528890,528896,528318
5,529140,529092,529100,529107,528529
9,529500,529536,529527,529534,528950
2,529740,529746,529738,529745,529161
6,529990,529957,529949,529955,529372
8,530170,530167,530160,530166,529583
7,530390,530377,530371,530376,529794
3,530590,530588,530581,530587,530005
10,530790,530798,530792,530798,530216
4,531020,531009,531003,531008,530426
5,531220,531219,531214,531219,530637
1,531410,531429,531425,531430,530848
2,531670,531640,531635,531640,531059
9,531830,531850,531846,531851,531270
8,532050,532060,532057,532062,531481
6,532260,532271,532268,532272,531692
3,532480,532481,532479,532483,531903
7,532760,532691,532689,532694,532113
4,532890,532902,532900,532904,532324
10,533110,533112,533111,533115,532535
5,533310,533322,533322,533325,532746
1,533520,533533,533533,533536,532957
9,533950,533959,533944,533936,533379
2,534120,534168,534154,534147,533589
6,534380,534376,534365,534357,533800
8,534560,534585,534575,534568,534011
7,534760,534793,534786,534778,534222
3,535010,535002,534996,534989,534433
10,535200,535210,535207,535199,534644
4,535450,535419,535417,535410,534855
1,535640,535627,535628,535620,535066
5,535890,535836,535838,535831,535276
9,536020,536044,536049,536041,535487
6,536280,536252,536259,536252,535698
2,536470,536461,536470,536462,535909
7,536640,536669,536680,536673,536120
8,536850,536878,536891,536883,536331
10,537090,537086,537101,537094,536542
3,537280,537295,537312,537304,536752
4,537510,537503,537522,537515,536963
5,537710,537712,537732,537725,537174
1,537910,537920,537943,537936,537385
6,538420,538373,538364,538364,537807
9,538600,538582,538574,538575,538018
7,538770,538791,538785,538785,538229
2,539050,539000,538995,538996,538439
10,539200,539209,539205,539206,538650
8,539380,539419,539416,539417,538861
4,539660,539628,539626,539627,539072
3,539820,539837,539837,539838,539283
1,540040,540046,540047,540048,539494
5,540250,540255,540257,540259,539705
9,540460,540464,540468,540469,539916
6,540670,540674,540678,540680,540126
2,540930,540883,540889,540890,540337
7,541120,541092,541099,541101,540548
8,541320,541301,541310,541311,540759
10,541540,541510,541520,541522,540970
4,541690,541720,541730,541732,541181
1,541870,541929,541941,541943,541392
3,542140,542138,542151,542153,541602
5,542350,542347,542362,542364,541813
6,542760,542780,542774,542767,542235
9,542990,542989,542984,542977,542446
7,543170,543198,543194,543187,542657
2,543420,543407,543405,543397,542868
10,543630,543617,543615,543608,543079
8,543810,543826,543825,543818,543289
1,544040,544035,544035,544028,543500
4,544260,544244,544245,544238,543711
5,544440,544453,544456,544449,543922
3,544670,544662,544666,544659,544133
6,544870,544871,544876,544869,544344
7,545010,545081,545086,545079,544555
9,545260,545290,545296,545290,544765
10,545510,545499,545506,545500,544976
2,545700,545708,545717,545710,545187
8,545960,545917,545927,545920,545398
4,546100,546126,546137,546131,545609
1,546310,546335,546347,546341,545820
3,546560,546545,546557,546551,546031
5,546810,546754,546767,546761,546242
7,547130,547188,547187,547188,546663
6,547400,547398,547397,547398,546874
10,547580,547608,547607,547608,547085
9,547790,547819,547818,547818,547296
8,547990,548029,548028,548028,547507
2,548280,548239,548238,548238,547718
1,548460,548449,548448,548448,547929
4,548700,548659,548658,548658,548139
5,548910,548870,548869,548868,548350
3,549120,549080,549079,549078,548561
6,549270,549290,549289,549287,548772
7,549500,549500,549499,549497,548983
9,549700,549710,549709,549707,549194
10,549860,549921,549919,549917,549405
8,550110,550131,550130,550127,549615
1,550290,550341,550340,550337,549826
2,550620,550551,550550,550547,550037
4,550770,550761,550760,550757,550248
3,550970,550972,550970,550967,550459
5,551200,551182,551181,551177,550670
7,551550,551593,551588,551580,551092
6,551800,551802,551798,551789,551302
10,551950,552011,552008,551999,551513
9,552200,552220,552218,552208,551724
1,552420,552429,552428,552418,551935
8,552650,552638,552637,552627,552146
4,552810,552847,552847,552837,552357
2,553040,553056,553057,553047,552568
5,553250,553265,553267,553256,552778
3,553460,553474,553477,553466,552989
7,553640,553683,553687,553675,553200
10,553880,553892,553897,553885,553411
6,554110,554101,554106,554094,553622
9,554300,554311,554316,554304,553833
8,554560,554520,554526,554514,554044
1,554750,554729,554736,554723,554255
4,554990,554938,554946,554933,554465
5,555170,555147,555156,555142,554676
2,555360,555356,555366,555352,554887
3,555520,555565,555575,555561,555098
10,555970,555990,555987,555975,555520
7,556160,556199,556197,556185,555731
9,556380,556408,556407,556396,555942
6,556630,556617,556616,556606,556152
1,556790,556826,556826,556816,556363
8,557050,557035,557036,557026,556574
5,557300,557243,557245,557237,556785
4,557530,557452,557455,557447,556996
3,557650,557661,557664,557657,557207
2,557870,557870,557874,557867,557418
7,558020,558079,558084,558078,557628
10,558260,558288,558293,558288,557839
9,558470,558497,558503,558498,558050
1,558690,558706,558713,558708,558261
6,558920,558915,558922,558919,558472
8,559190,559124,559132,559129,558683
4,559300,559333,559342,559339,558894
5,559550,559542,559551,559549,559105
2,559760,559751,559761,559760,559315
3,559960,559960,559970,559970,559526
10,560380,560391,560394,560388,559948
7,560600,560601,560604,560599,560159
1,560800,560812,560814,560810,560370
9,561010,561022,561023,561020,560581
8,561230,561233,561233,561231,560791
6,561440,561443,561443,561442,561002
5,561650,561654,561653,561652,561213
4,561860,561864,561862,561863,561424
3,562060,562074,562072,562074,561635
2,562310,562285,562282,562284,561846
10,562490,562495,562492,562495,562057
7,562720,562706,562702,562705,562268
9,562920,562916,562911,562916,562478
1,563120,563127,563121,563127,562689
8,563360,563337,563331,563337,562900
5,563550,563548,563541,563548,563111
6,563710,563758,563751,563759,563322
3,563960,563969,563960,563969,563533
4,564190,564179,564170,564180,563744
2,564430,564390,564380,564391,563955
7,564790,564811,564807,564801,564376
10,565020,565022,565017,565012,564587
1,565220,565232,565227,565224,564798
9,565430,565443,565437,565435,565009
5,565630,565653,565647,565646,565220
8,565900,565863,565857,565857,565431
3,566100,566074,566067,566068,565641
6,566260,566284,566277,566280,565852
2,566510,566494,566487,566491,566063
4,566740,566705,566697,566702,566274
7,566870,566915,566907,566913,566485
1,567050,567126,567117,567124,566696
10,567320,567336,567327,567335,566907
9,567550,567546,567537,567547,567118
8,567810,567757,567747,567758,567328
5,567970,567967,567957,567969,567539
6,568170,568178,568167,568180,567750
3,568350,568388,568377,568391,567961
4,568600,568598,568587,568603,568172
2,568860,568809,568797,568814,568383
1,569250,569235,569234,569243,568804
7,569470,569447,569445,569454,569015
9,569630,569659,569655,569665,569226
10,569840,569871,569866,569876,569437
5,570040,570083,570077,570087,569648
8,570290,570295,570287,570298,569859
3,570490,570507,570498,570509,570070
6,570730,570718,570708,570720,570281
2,570960,570930,570919,570931,570491
4,571170,571142,571129,571142,570702
7,571380,571354,571340,571352,570913
1,571560,571566,571550,571563,571124
9,571760,571778,571761,571774,571335
5,571980,571990,571972,571985,571546
10,572180,572202,572182,572196,571757
3,572370,572413,572393,572407,571968
8,572580,572625,572603,572618,572178
2,572850,572837,572814,572829,572389
6,573090,573049,573024,573040,572600
4,573320,573261,573235,573251,572811
1,573650,573670,573656,573658,573233
7,573880,573879,573867,573868,573444
5,574090,574089,574077,574079,573654
9,574270,574299,574288,574289,573865
3,574470,574508,574498,574499,574076
10,574700,574718,574709,574710,574287
2,574960,574927,574919,574920,574498
8,575150,575137,575130,575131,574709
4,575370,575347,575340,575341,574920
6,575560,575556,575551,575551,575131
1,575730,575766,575762,575762,575341
7,575940,575975,575972,575972,575552
9,576180,576185,576183,576182,575763
5,576430,576395,576393,576393,575974
10,576630,576604,576604,576603,576185
3,576760,576814,576814,576814,576396
8,577020,577023,577025,577024,576607
2,577220,577233,577235,577234,576817
6,577450,577443,577446,577445,577028
4,577670,577652,577657,577655,577239
7,578110,578077,578074,578065,577661
1,578290,578287,578284,578276,577872
5,578530,578496,578495,578488,578083
9,578700,578706,578705,578699,578294
3,578890,578916,578916,578910,578504
10,579120,579126,579126,579121,578715
2,579360,579336,579337,579332,578926
8,579520,579546,579547,579543,579137
4,579730,579756,579757,579754,579348
6,579980,579965,579968,579965,579559
1,580150,580175,580178,580176,579770
7,580370,580385,580389,580387,579981
5,580560,580595,580599,580598,580191
3,580800,580805,580810,580809,580402
9,581000,581015,581020,581020,580613
2,581260,581225,581231,581231,580824
10,581420,581434,581441,581442,581035
4,581650,581644,581651,581653,581246
8,581890,581854,581862,581865,581457
6,582080,582064,582072,582076,581667
7,582520,582499,582501,582503,582089
1,582710,582711,582712,582714,582300
3,582950,582922,582922,582925,582511
5,583170,583133,583133,583136,582722
2,583370,583344,583344,583347,582933
9,583550,583555,583554,583559,583144
4,583750,583767,583765,583770,583354
10,583950,583978,583976,583981,583565
6,584200,584189,584186,584192,583776
8,584380,584400,584397,584403,583987
7,584630,584611,584608,584615,584198
3,584800,584823,584818,584826,584409
1,585000,585034,585029,585037,584620
5,585250,585245,585240,585248,584830
9,585460,585456,585450,585459,585041
2,585690,585667,585661,585671,585252
10,585890,585879,585872,585882,585463
4,586050,586090,586082,586093,585674
8,586300,586301,586293,586304,585885
6,586560,586512,586504,586515,586096
3,586960,586937,586926,586918,586517
7,587160,587147,587136,587130,586728
5,587340,587356,587347,587342,586939
1,587540,587566,587558,587553,587150
2,587790,587775,587768,587765,587361
9,588020,587985,587979,587976,587572
4,588210,588194,588190,588188,587783
10,588390,588404,588400,588400,587994
6,588620,588613,588611,588611,588204
8,588840,588823,588821,588823,588415
3,589030,589032,589032,589034,588626
7,589250,589242,589243,589246,588837
1,589450,589451,589453,589457,589048
5,589680,589661,589664,589669,589259
2,589860,589870,589875,589881,589470
4,590030,590080,590085,590092,589680
9,590260,590289,590296,590304,589891
6,590510,590499,590507,590515,590102
10,590690,590708,590717,590727,590313
8,590940,590918,590928,590939,590524
7,591430,591370,591365,591372,590946
3,591600,591582,591576,591584,591157
5,591830,591793,591787,591795,591367
1,592040,592004,591998,592007,591578
4,592260,592215,592209,592219,591789
2,592460,592426,592420,592431,592000
6,592630,592637,592631,592642,592211
9,592830,592848,592842,592854,592422
8,592980,593059,593053,593066,592633
10,593240,593270,593264,593278,592843
3,593480,593481,593475,593489,593054
7,593700,593692,593686,593701,593265
5,593920,593903,593897,593913,593476
4,594150,594114,594108,594125,593687
1,594330,594325,594319,594336,593898
2,594560,594537,594530,594548,594109
9,594750,594748,594741,594760,594320
6,594960,594959,594952,594972,594530
10,595140,595170,595163,595183,594741
8,595380,595381,595374,595395,594952
7,595850,595817,595800,595811,595374
3,596030,596027,596011,596021,595585
4,596270,596236,596222,596232,595796
5,596460,596446,596433,596442,596007
2,596690,596655,596644,596652,596217
1,596860,596865,596855,596863,596428
6,597090,597074,597067,597073,596639
9,597240,597284,597278,597284,596850
8,597440,597493,597489,597494,597061
10,597710,597703,597700,597705,597272
7,597930,597912,597911,597915,597483
4,598100,598122,598122,598126,597693
3,598330,598332,598333,598336,597904
5,598560,598541,598544,598547,598115
1,598730,598751,598755,598757,598326
2,599030,598960,598966,598968,598537
6,599180,599170,599177,599178,598748
8,599390,599379,599388,599388,598959
9,599510,599589,599599,599599,599170
10,599800,599798,599811,599809,599380
4,600230,600227,600219,600213,599802
7,600410,600436,600430,600424,600013
5,600630,600645,600641,600634,600224
3,600870,600854,600851,600844,600435
2,601060,601063,601062,601054,600646
1,601270,601272,601273,601264,600857
8,601470,601481,601483,601475,601067
6,601720,601690,601694,601685,601278
10,601900,601899,601905,601895,601489
9,602110,602107,602115,602105,601700
7,602300,602316,602326,602316,601911
4,602480,602525,602537,602526,602122
3,602770,602734,602747,602736,602333
5,602970,602943,602958,602946,602543
2,603130,603152,603168,603157,602754
8,603360,603361,603379,603367,602965
1,603570,603570,603590,603577,603176
6,603770,603779,603800,603787,603387
9,603990,603988,604011,603997,603598
10,604200,604197,604222,604208,603809
4,604690,604637,604635,604625,604230
7,604810,604846,604845,604836,604441
5,605040,605056,605055,605047,604652
3,605260,605265,605266,605258,604863
8,605460,605474,605476,605468,605074
2,605690,605683,605687,605679,605285
6,605950,605893,605897,605890,605496
1,606170,606102,606107,606101,605706
10,606310,606311,606318,606311,605917
9,606520,606521,606528,606522,606128
4,606690,606730,606739,606733,606339
5,606940,606939,606949,606944,606550
7,607110,607149,607159,607154,606761
8,607340,607358,607370,607365,606972
3,607590,607567,607580,607576,607183
2,607800,607777,607790,607787,607393
1,607960,607986,608001,607997,607604
6,608180,608195,608211,608208,607815
9,608400,608404,608422,608419,608026
10,608640,608614,608632,608630,608237
5,609080,609056,609052,609045,608659
4,609270,609266,609262,609256,608870
8,609460,609476,609472,609467,609080
7,609680,609685,609683,609678,609291
2,609920,609895,609893,609889,609502
3,610130,610104,610103,610100,609713
6,610330,610314,610314,610311,609924
1,610520,610523,610524,610522,610135
10,610740,610733,610734,610733,610346
9,610940,610943,610945,610944,610556
4,611140,611152,611155,611156,610767
5,611370,611362,611365,611367,610978
7,611530,611571,611576,611578,611189
8,611790,611781,611786,611789,611400
3,612000,611991,611996,612000,611611
2,612230,612200,612207,612211,611822
6,612420,612410,612417,612422,612033
10,612630,612619,612627,612633,612243
1,612750,612829,612838,612844,612454
9,613070,613038,613048,613055,612665
5,613490,613482,613476,613472,613087
4,613730,613692,613686,613684,613298
8,613890,613903,613897,613895,613509
7,614110,614113,614107,614107,613719
2,614330,614323,614318,614318,613930
3,614570,614533,614528,614530,614141
10,614710,614744,614739,614741,614352
6,614980,614954,614949,614953,614563
9,615160,615164,615160,615164,614774
1,615370,615374,615370,615376,614985
5,615600,615584,615581,615587,615196
8,615780,615795,615791,615799,615406
4,615980,616005,616002,616010,615617
2,616240,616215,616212,616222,615828
7,616400,616425,616423,616433,616039
10,616610,616636,616633,616645,616250
3,616830,616846,616844,616856,616461
6,617060,617056,617054,617068,616672
1,617290,617266,617265,617279,616883
9,617500,617477,617475,617491,617093
8,617930,617920,617908,617916,617515
5,618130,618130,618119,618127,617726
2,618370,618341,618329,618338,617937
4,618600,618551,618540,618549,618148
10,618760,618761,618751,618760,618359
7,618960,618972,618962,618971,618569
6,619190,619182,619173,619182,618780
3,619400,619393,619383,619393,618991
9,619560,619603,619594,619604,619202
1,619810,619813,619805,619815,619413
5,620040,620024,620016,620026,619624
8,620230,620234,620227,620237,619835
4,620420,620445,620438,620448,620046
2,620680,620655,620648,620659,620256
7,620820,620866,620859,620870,620467
10,621050,621076,621070,621081,620678
3,621280,621286,621281,621292,620889
6,621480,621497,621492,621503,621100
9,621740,621707,621702,621714,621311
1,621960,621918,621913,621925,621522
8,622340,622350,622332,622330,621943
5,622540,622559,622542,622540,622154
2,622790,622767,622753,622751,622365
4,622990,622976,622964,622962,622576
10,623160,623185,623175,623173,622787
7,623360,623394,623385,623384,622998
6,623600,623603,623596,623594,623209
3,623830,623811,623807,623805,623419
1,624000,624020,624017,624016,623630
9,624270,624229,624228,624227,623841
8,624450,624438,624439,624437,624052
2,624670,624647,624649,624648,624263
5,624870,624855,624860,624859,624474
10,625070,625064,625071,625070,624685
4,625260,625273,625281,625280,624896
6,625500,625482,625492,625491,625106
7,625650,625690,625703,625702,625317
3,625850,625899,625913,625913,625528
9,626120,626108,626124,626124,625739
1,626320,626317,626335,626334,625950
2,626760,626765,626757,626757,626372
8,626990,626975,626968,626968,626582
10,627190,627185,627179,627179,626793
5,627380,627394,627389,627390,627004
6,627640,627604,627600,627601,627215
4,627800,627814,627811,627812,627426
3,628040,628024,628021,628023,627637
7,628240,628233,628232,628233,627848
1,628430,628443,628443,628444,628059
9,628610,628653,628653,628655,628269
8,628880,628863,628864,628866,628480
2,629140,629072,629075,629077,628691
5,629310,629282,629285,629288,628902
10,629490,629492,629496,629498,629113
4,629660,629702,629707,629709,629324
6,629930,629911,629917,629920,629535
3,630140,630121,630128,630131,629745
1,630330,630331,630339,630342,629956
7,630510,630541,630549,630553,630167
9,630740,630751,630760,630764,630378
2,631170,631188,631178,631174,630800
8,631430,631397,631388,631384,631011
10,631600,631606,631599,631595,631222
5,631780,631816,631809,631806,631432
6,632030,632025,632020,632016,631643
4,632260,632234,632230,632227,631854
1,632420,632444,632441,632438,632065
3,632680,632653,632652,632649,632276
9,632870,632862,632862,632859,632487
7,633040,633072,633073,633070,632698
2,633300,633281,633283,633281,632909
10,633470,633490,633494,633492,633119
8,633680,633699,633704,633702,633330
6,633920,633909,633915,633913,633541
5,634130,634118,634125,634124,633752
4,634330,634327,634336,634335,633963
3,634560,634537,634546,634545,634174
1,634750,634746,634757,634756,634385
7,634920,634955,634968,634967,634595
9,635170,635164,635178,635177,634806
10,635610,635609,635599,635595,635228
2,635860,635819,635809,635806,635439
6,636050,636028,636020,636017,635650
8,636240,636237,636230,636228,635861
4,636440,636446,636441,636439,636072
5,636610,636656,636651,636650,636282
1,636840,636865,636862,636861,636493
3,637120,637074,637072,637072,636704
9,637260,637283,637283,637283,636915
7,637490,637493,637493,637494,637126
2,637720,637702,637704,637704,637337
10,637900,637911,637914,637915,637548
8,638140,638120,638124,638126,637758
6,638370,638329,638335,638337,637969
4,638560,638539,638545,638548,638180
1,638710,638748,638756,638759,638391
5,638960,638957,638966,638970,638602
3,639160,639166,639177,639181,638813
7,639350,639376,639387,639392,639024
9,639590,639585,639598,639603,639235
10,640070,640032,640021,640021,639656
2,640280,640242,640232,640232,639867
6,640470,640451,640442,640442,640078
8,640630,640661,640653,640653,640289
1,640850,640870,640863,640864,640500
4,641070,641079,641074,641075,640711
3,641290,641289,641284,641286,640922
5,641520,641498,641495,641497,641132
9,641700,641708,641705,641708,641343
7,641860,641917,641916,641919,641554
10,642160,642127,642126,642129,641765
6,642340,642336,642337,642340,641976
2,642580,642546,642547,642551,642187
8,642770,642755,642758,642762,642398
4,642910,642965,642968,642973,642608
1,643160,643174,643179,643184,642819
3,643370,643383,643389,643395,643030
9,643610,643593,643600,643606,643241
5,643830,643802,643811,643816,643452
7,644010,644012,644021,644027,643663
6,644440,644451,644443,644440,644085
10,644670,644661,644653,644651,644295
8,644870,644871,644864,644862,644506
2,645090,645080,645074,645073,644717
1,645260,645290,645285,645284,644928
4,645540,645500,645495,645495,645139
9,645650,645710,645706,645705,645350
3,645900,645920,645917,645916,645561
7,646110,646130,646127,646127,645771
5,646330,646340,646338,646338,645982
10,646550,646550,646548,646549,646193
6,646760,646760,646759,646760,646404
8,646980,646970,646969,646971,646615
1,647180,647180,647180,647182,646826
2,647450,647390,647390,647392,647037
4,647610,647599,647601,647603,647248
3,647820,647809,647811,647814,647458
9,648010,648019,648022,648025,647669
5,648230,648229,648233,648236,647880
7,648420,648439,648443,648447,648091
6,648850,648874,648867,648861,648513
10,649060,649084,649077,649073,648724
1,649300,649295,649288,649284,648935
8,649490,649505,649498,649495,649145
4,649710,649715,649709,649707,649356
2,649960,649925,649920,649918,649567
9,650140,650135,650130,650129,649778
3,650370,650346,650341,650341,649989
7,650520,650556,650551,650552,650200
5,650740,650766,650762,650763,650411
6,650940,650976,650973,650975,650621
10,651190,651187,651183,651186,650832
8,651390,651397,651394,651397,651043
1,651640,651607,651605,651609,651254
4,651820,651817,651815,651820,651465
9,652040,652028,652026,652031,651676
2,652260,652238,652236,652243,651887
7,652420,652448,652447,652454,652098
3,652640,652658,652658,652665,652308
5,652900,652869,652868,652877,652519
10,653310,653307,653298,653302,652941
6,653540,653518,653509,653513,653152
1,653750,653729,653720,653724,653363
8,653920,653939,653931,653935,653574
9,654120,654150,654141,654146,653784
4,654350,654361,654352,654358,653995
7,654540,654571,654563,654569,654206
2,654810,654782,654774,654780,654417
5,655000,654993,654985,654991,654628
3,655230,655203,655196,655202,654839
10,655420,655414,655407,655414,655050
1,655550,655624,655617,655625,655261
6,655880,655835,655828,655836,655471
8,656050,656046,656039,656047,655682
4,656220,656256,656250,656258,655893
9,656440,656467,656461,656470,656104
2,656680,656678,656672,656681,656315
7,656860,656888,656883,656892,656526
3,657140,657099,657093,657103,656737
5,657350,657310,657304,657314,656948
1,657720,657741,657724,657728,657369
10,657960,657951,657935,657939,657580
8,658150,658160,658146,658149,657791
6,658390,658369,658357,658359,658002
9,658580,658578,658568,658570,658213
4,658810,658787,658778,658780,658424
7,658970,658996,658989,658990,658634
2,659160,659205,659200,659201,658845
5,659410,659414,659411,659411,659056
3,659650,659624,659621,659621,659267
10,659830,659833,659832,659832,659478
1,660010,660042,660043,660042,659689
8,660260,660251,660254,660252,659900
9,660480,660460,660465,660463,660111
6,660690,660669,660675,660673,660321
7,660900,660878,660886,660883,660532
4,661080,661087,661097,661094,660743
5,661310,661297,661308,661304,660954
2,661500,661506,661518,661514,661165
3,661670,661715,661729,661725,661376
1,662070,662144,662139,662130,661797
10,662360,662353,662350,662341,662008
9,662550,662563,662560,662551,662219
8,662760,662772,662771,662762,662430
7,662980,662981,662981,662972,662641
6,663200,663191,663192,663183,662852
5,663410,663400,663402,663393,663063
4,663600,663609,663613,663603,663274
3,663830,663819,663823,663814,663484
2,664070,664028,664034,664024,663695
1,664210,664237,664244,664235,663906
10,664450,664447,664454,664445,664117
8,664650,664656,664665,664656,664328
9,664860,664865,664875,664866,664539
6,665070,665075,665086,665076,664750
7,665300,665284,665296,665287,664961
4,665440,665494,665507,665497,665171
5,665710,665703,665717,665708,665382
2,665940,665912,665928,665918,665593
3,666130,666122,666138,666129,665804
10,666540,666555,666556,666549,666226
1,666760,666765,666767,666760,666437
9,666970,666976,666977,666971,666647
8,667170,667186,667188,667182,666858
7,667410,667397,667398,667393,667069
6,667650,667607,667608,667604,667280
5,667840,667817,667819,667814,667491
4,668010,668028,668029,668025,667702
3,668230,668238,668240,668236,667913
2,668470,668449,668450,668447,668124
1,668580,668659,668660,668658,668334
10,668850,668870,668871,668869,668545
9,669060,669080,669081,669080,668756
7,669260,669291,669292,669291,668967
8,669500,669501,669502,669501,669178
5,669690,669712,669712,669712,669389
6,669920,669922,669923,669923,669600
3,670170,670132,670133,670134,669810
4,670370,670343,670344,670345,670021
2,670600,670553,670554,670556,670232
10,670990,670981,670975,670968,670654
1,671210,671191,671185,671179,670865
7,671400,671401,671396,671391,671076
9,671560,671611,671606,671602,671287
5,671770,671821,671816,671813,671497
8,672040,672031,672027,672024,671708
3,672260,672241,672237,672235,671919
6,672410,672451,672448,672446,672130
2,672670,672661,672658,672657,672341
4,672920,672871,672868,672868,672552
10,673100,673081,673079,673079,672763
7,673260,673291,673289,673290,672974
1,673470,673501,673500,673501,673184
9,673720,673711,673710,673712,673395
8,673940,673921,673920,673923,673606
5,674140,674131,674131,674134,673817
6,674300,674341,674341,674345,674028
3,674540,674551,674552,674556,674239
4,674760,674761,674762,674768,674450
2,675010,674971,674973,674979,674660
7,675390,675404,675400,675400,675082
10,675600,675615,675610,675611,675293
9,675820,675825,675821,675822,675504
1,676030,676036,676031,676033,675715
5,676270,676247,676242,676244,675926
8,676470,676457,676453,676455,676137
3,676720,676668,676663,676666,676347
6,676890,676879,676874,676877,676558
2,677080,677089,677084,677088,676769
4,677320,677300,677295,677299,676980
7,677460,677511,677505,677511,677191
10,677680,677721,677716,677722,677402
1,677900,677932,677927,677933,677613
9,678150,678143,678137,678144,677823
5,678340,678353,678348,678355,678034
3,678570,678564,678558,678566,678245
8,678750,678775,678769,678777,678456
2,679010,678985,678980,678988,678667
6,679210,679196,679190,679199,678878
4,679440,679407,679401,679410,679089
10,679830,679828,679823,679820,679510
7,680030,680039,680033,680031,679721
9,680210,680249,680244,680242,679932
1,680440,680460,680455,680453,680143
3,680670,680670,680665,680664,680354
5,680900,680881,680876,680875,680565
2,681110,681091,681087,681086,680776
8,681290,681301,681297,681297,680987
4,681520,681512,681508,681508,681197
6,681740,681722,681719,681719,681408
7,681900,681933,681929,681929,681619
10,682120,682143,682140,682140,681830
9,682360,682354,682350,682351,682041
3,682520,682564,682561,682562,682252
1,682700,682775,682772,682773,682463
5,682980,682985,682982,682984,682673
8,683220,683195,683193,683195,682884
2,683430,683406,683404,683406,683095
6,683650,683616,683614,683617,683306
4,683860,683827,683825,683828,683517
10,684240,684253,684249,684244,683939
7,684450,684464,684460,684455,684150
3,684660,684674,684670,684667,684360
9,684860,684885,684881,684878,684571
5,685110,685096,685092,685089,684782
1,685320,685306,685302,685301,684993
2,685560,685517,685513,685512,685204
8,685740,685727,685724,685724,685415
4,685940,685938,685935,685935,685626
6,686140,686149,686145,686147,685837
10,686360,686359,686356,686358,686047
3,686510,686570,686567,686570,686258
7,686750,686780,686777,686781,686469
9,686980,686991,686988,686993,686680
1,687220,687202,687199,687204,686891
5,687440,687412,687410,687416,687102
2,687670,687623,687620,687627,687313
4,687780,687833,687831,687838,687523
8,688040,688044,688042,688050,687734
6,688280,688255,688252,688261,687945
3,688710,688688,688682,688681,688367
10,688910,688899,688893,688893,688578
9,689100,689110,689104,689105,688789
7,689300,689321,689315,689316,689000
5,689520,689532,689526,689528,689210
1,689730,689743,689737,689740,689421
4,689990,689953,689948,689952,689632
2,690180,690164,690159,690164,689843
6,690420,690375,690370,690375,690054
8,690590,690586,690581,690587,690265
10,690820,690797,690792,690799,690476
3,690960,691008,691003,691011,690686
7,691190,691219,691213,691222,690897
9,691400,691430,691424,691434,691108
5,691640,691641,691635,691646,691319
4,691860,691852,691846,691858,691530
1,692040,692063,692057,692070,691741
2,692300,692274,692268,692281,691952
8,692490,692485,692479,692493,692163
6,692710,692696,692690,692705,692373
3,693180,693130,693121,693128,692795
10,693340,693341,693332,693339,693006
9,693550,693552,693544,693550,693217
7,693750,693763,693755,693762,693428
4,693990,693974,693966,693973,693639
5,694190,694185,694177,694184,693850
2,694430,694396,694388,694396,694060
1,694600,694607,694600,694607,694271
6,694830,694818,694811,694818,694482
8,695000,695029,695022,695030,694693
3,695180,695239,695233,695241,694904
9,695420,695450,695444,695453,695115
10,695670,695661,695656,695664,695326
4,695910,695872,695867,695875,695536
7,696080,696083,696078,696087,695747
5,696290,696294,696289,696298,695958
1,696480,696505,696500,696509,696169
2,696710,696716,696711,696721,696380
8,696930,696927,696923,696932,696591
6,697180,697138,697134,697143,696802
9,697560,697561,697554,697557,697223
3,697770,697771,697765,697768,697434
4,697990,697982,697976,697978,697645
10,698180,698192,698187,698189,697856
5,698390,698402,698398,698399,698067
7,698610,698613,698609,698610,698278
2,698860,698823,698821,698820,698489
1,699040,699034,699032,699031,698699
6,699220,699244,699243,699242,698910
8,699420,699455,699454,699452,699121
3,699620,699665,699665,699663,699332
9,699860,699876,699876,699873,699543
10,700100,700086,700087,700084,699754
4,700280,700297,700298,700295,699965
7,700480,700507,700510,700505,700176
5,700730,700718,700721,700716,700386
2,700940,700928,700932,700926,700597
6,701150,701138,701143,701137,700808
1,701370,701349,701354,701347,701019
8,701580,701559,701565,701558,701230
9,701970,701982,701975,701969,701652
3,702220,702191,702186,702179,701863
4,702440,702400,702397,702390,702073
10,702580,702610,702607,702600,702284
5,702810,702819,702818,702811,702495
7,702990,703028,703029,703021,702706
6,703260,703237,703240,703232,702917
2,703450,703447,703450,703442,703128
8,703630,703656,703661,703652,703339
1,703900,703865,703872,703863,703549
9,704050,704074,704082,704073,703760
4,704240,704283,704293,704284,703971
3,704480,704493,704504,704494,704182
5,704700,704702,704715,704704,704393
10,704930,704911,704925,704915,704604
6,705120,705120,705136,705125,704815
7,705350,705330,705347,705336,705026
2,705510,705539,705558,705546,705236
1,705740,705748,705768,705757,705447
8,705990,705957,705979,705967,705658
4,706390,706381,706392,706380,706080
9,706550,706592,706602,706591,706291
5,706770,706803,706813,706802,706502
3,707000,707014,707023,707012,706712
6,707250,707225,707234,707223,706923
10,707450,707436,707444,707434,707134
2,707650,707647,707655,707645,707345
7,707860,707858,707865,707856,707556
8,708070,708069,708076,708067,707767
1,708280,708280,708286,708278,707978
9,708430,708491,708497,708488,708189
4,708660,708702,708707,708699,708399
3,708920,708913,708918,708910,708610
5,709120,709124,709128,709121,708821
10,709320,709335,709339,709332,709032
6,709560,709546,709549,709543,709243
7,709780,709757,709760,709754,709454
2,709980,709968,709971,709964,709665
8,710200,710179,710181,710175,709876
1,710420,710390,710392,710386,710086
4,710830,710812,710812,710806,710508
9,710990,711023,711023,711017,710719
5,711220,711234,711233,711228,710930
3,711470,711444,711444,711439,711141
6,711650,711655,711654,711650,711352
10,711850,711865,711865,711862,711562
2,712110,712076,712076,712073,711773
7,712310,712287,712286,712284,711984
1,712510,712497,712497,712495,712195
8,712700,712708,712707,712706,712406
4,712860,712918,712918,712918,712617
5,713110,713129,713128,713129,712828
9,713320,713340,713339,713340,713039
6,713540,713550,713549,713551,713249
3,713770,713761,713760,713762,713460
2,714000,713971,713970,713974,713671
10,714160,714182,714181,714185,713882
7,714390,714393,714391,714396,714093
8,714620,714603,714602,714607,714304
1,714830,714814,714812,714818,714515
5,715270,715244,715237,715239,714936
4,715480,715454,715447,715450,715147
6,715690,715664,715658,715661,715358
9,715870,715874,715869,715871,715569
2,716060,716084,716079,716082,715780
3,716310,716294,716290,716293,715991
7,716520,716504,716500,716503,716202
10,716700,716714,716711,716714,716412
1,716960,716924,716922,716925,716623
8,717110,717134,717132,717136,716834
4,717290,717344,717343,717346,717045
5,717540,717554,717553,717557,717256
9,717770,717764,717764,717768,717467
6,717980,717974,717974,717979,717678
3,718200,718184,718185,718189,717889
2,718420,718394,718396,718400,718099
7,718570,718604,718606,718611,718310
1,718810,718814,718817,718821,718521
10,719010,719024,719027,719032,718732
8,719260,719234,719238,719243,718943
5,719670,719658,719655,719648,719365
4,719900,719868,719865,719859,719575
6,720090,720078,720076,720070,719786
9,720270,720287,720286,720281,719997
2,720550,720497,720496,720491,720208
3,720660,720707,720707,720702,720419
1,720900,720917,720917,720913,720630
7,721050,721127,721128,721124,720841
8,721280,721337,721338,721334,721052
10,721560,721547,721549,721545,721262
5,721750,721756,721759,721756,721473
6,721980,721966,721970,721967,721684
4,722180,722176,722180,722177,721895
2,722440,722386,722391,722388,722106
9,722600,722596,722601,722599,722317
3,722800,722806,722811,722810,722528
7,723010,723016,723022,723020,722738
1,723210,723226,723232,723231,722949
10,723450,723435,723443,723442,723160
8,723660,723645,723653,723653,723371
6,724130,724088,724077,724075,723793
5,724340,724297,724288,724286,724004
2,724540,724506,724498,724497,724215
4,724760,724715,724709,724708,724425
3,724940,724925,724919,724920,724636
9,725140,725134,725129,725131,724847
1,725340,725343,725340,725342,725058
7,725500,725552,725550,725553,725269
8,725720,725761,725761,725764,725480
10,725990,725971,725971,725975,725691
5,726220,726180,726182,726187,725902
6,726420,726389,726392,726398,726112
4,726610,726598,726603,726609,726323
2,726820,726807,726813,726820,726534
3,726960,727017,727024,727031,726745
1,727180,727226,727234,727242,726956
9,727450,727435,727445,727454,727167
7,727620,727644,727655,727665,727378
10,727860,727853,727865,727876,727588
8,728080,728063,728076,728087,727799
6,728580,728510,728502,728509,728221
5,728770,728720,728712,728719,728432
2,728960,728930,728923,728930,728643
4,729170,729139,729133,729140,728854
1,729340,729349,729344,729350,729065
3,729600,729559,729554,729561,729275
7,729680,729768,729765,729771,729486
9,729930,729978,729976,729982,729697
8,730130,730188,730186,730192,729908
10,730380,730397,730397,730402,730119
6,730620,730607,730607,730613,730330
2,730880,730816,730818,730823,730541
5,731060,731026,731028,731033,730751
4,731220,731236,731239,731244,730962
3,731450,731445,731449,731454,731173
1,731720,731655,731660,731665,731384
7,731870,731865,731870,731875,731595
8,732060,732074,732081,732085,731806
9,732260,732284,732292,732296,732017
10,732470,732494,732502,732506,732228
2,732940,732927,732914,732909,732649
6,733140,733135,733124,733119,732860
4,733350,733343,733334,733329,733071
5,733570,733551,733545,733539,733282
1,733770,733760,733755,733749,733493
3,734010,733968,733965,733959,733704
8,734140,734176,734175,734170,733915
7,734340,734384,734385,734380,734125
10,734590,734592,734596,734590,734336
9,734810,734801,734806,734800,734547
6,735000,735009,735016,735010,734758
2,735230,735217,735226,735220,734969
4,735420,735425,735436,735430,735180
1,735620,735633,735647,735640,735391
5,735870,735841,735857,735851,735601
3,736050,736050,736067,736061,735812
7,736240,736258,736277,736271,736023
8,736450,736466,736488,736481,736234
9,736660,736674,736698,736691,736445
10,736900,736882,736908,736901,736656
2,737330,737327,737326,737320,737078
6,737560,737537,737536,737531,737288
1,737740,737747,737746,737742,737499
4,737990,737956,737957,737952,737710
3,738190,738166,738167,738163,737921
5,738400,738375,738377,738373,738132
8,738550,738585,738587,738584,738343
7,738760,738795,738797,738795,738554
10,738990,739004,739007,739005,738764
9,739200,739214,739217,739216,738975
2,739410,739423,739427,739426,739186
6,739680,739633,739638,739637,739397
4,739860,739843,739848,739847,739608
1,740050,740052,740058,740058,739819
3,740190,740262,740268,740269,740030
8,740510,740471,740478,740479,740241
5,740700,740681,740688,740690,740451
10,740890,740891,740898,740900,740662
7,741090,741100,741109,741111,740873
9,741330,741310,741319,741322,741084
6,741730,741748,741740,741733,741506
2,741990,741957,741950,741944,741717
1,742140,742167,742160,742155,741928
4,742370,742376,742371,742366,742138
8,742590,742585,742581,742577,742349
3,742830,742795,742791,742788,742560
10,743010,743004,743001,742999,742771
5,743220,743214,743211,743210,742982
9,743420,743423,743421,743421,743193
7,743670,743633,743631,743632,743404
6,743800,743842,743842,743844,743614
1,744030,744052,744052,744055,743825
2,744280,744261,744262,744266,744036
4,744450,744471,744472,744477,744247
3,744690,744680,744682,744688,744458
8,744910,744889,744892,744899,744669
5,745090,745099,745102,745110,744880
10,745280,745308,745313,745321,745091
7,745520,745518,745523,745532,745301
9,745740,745727,745733,745743,745512
1,746210,746172,746164,746163,745934
6,746440,746382,746375,746375,746145
4,746610,746593,746585,746586,746356
2,746790,746803,746795,746798,746567
8,746990,747013,747006,747009,746777
3,747210,747224,747216,747221,746988
10,747400,747434,747427,747432,747199
5,747600,747644,747637,747644,747410
9,747820,747855,747848,747855,747621
7,748090,748065,748058,748067,747832
6,748300,748276,748269,748278,748043
1,748520,748486,748479,748490,748254
4,748710,748696,748689,748701,748464
8,748930,748907,748900,748913,748675
2,749090,749117,749110,749124,748886
10,749320,749327,749321,749336,749097
3,749530,749538,749531,749547,749308
9,749720,749748,749742,749759,749519
5,749960,749958,749952,749970,749730
7,750210,750169,750163,750182,749941
1,750600,750611,750596,750603,750362
6,750820,750821,750807,750814,750573
8,751020,751032,751017,751025,750784
4,751300,751242,751228,751236,750995
10,751470,751452,751439,751448,751206
2,751680,751662,751650,751659,751417
9,751880,751872,751860,751870,751627
3,752060,752082,752071,752081,751838
7,752320,752292,752282,752292,752049
5,752530,752502,752493,752503,752260
1,752690,752712,752704,752715,752471
6,752880,752922,752914,752926,752682
4,753090,753133,753125,753137,752893
8,753370,753343,753336,753348,753104
2,753580,753553,753547,753559,753314
10,753740,753763,753757,753770,753525
3,753950,753973,753968,753982,753736
9,754180,754183,754179,754193,753947
5,754400,754393,754390,754404,754158
7,754620,754603,754600,754615,754369
6,755060,755041,755024,755030,754790
1,755240,755251,755235,755241,755001
8,755450,755460,755446,755451,755212
4,755660,755669,755657,755662,755423
10,755870,755879,755867,755872,755634
2,756080,756088,756078,756082,755845
9,756330,756297,756289,756293,756056
3,756550,756506,756500,756503,756267
7,756730,756716,756710,756714,756477
5,756910,756925,756921,756924,756688
1,757100,757134,757132,757135,756899
6,757330,757343,757343,757345,757110
8,757580,757553,757554,757556,757321
10,757790,757762,757764,757766,757532
4,757930,757971,757975,757977,757743
9,758160,758181,758186,758187,757954
2,758390,758390,758397,758397,758164
7,758590,758599,758608,758608,758375
3,758800,758808,758818,758818,758586
5,759040,759018,759029,759029,758797
6,759450,759449,759442,759438,759219
1,759650,759659,759653,759648,759430
10,759840,759868,759864,759859,759640
8,760050,760078,760074,760069,759851
9,760290,760287,760285,760279,760062
4,760490,760496,760495,760490,760273
7,760690,760706,760706,760700,760484
2,760930,760915,760916,760910,760695
5,761110,761125,761127,761121,760906
3,761360,761334,761337,761331,761117
6,761540,761544,761548,761541,761327
10,761760,761753,761759,761751,761538
1,761960,761962,761969,761962,761749
8,762160,762172,762180,762172,761960
4,762360,762381,762390,762382,762171
9,762560,762591,762601,762593,762382
2,762830,762800,762811,762803,762593
7,763010,763010,763022,763013,762803
3,763230,763219,763232,763224,763014
5,763450,763429,763443,763434,763225
10,763850,763861,763858,763852,763647
6,764080,764071,764068,764063,763858
8,764260,764281,764278,764273,764069
1,764480,764490,764489,764484,764280
9,764700,764700,764699,764694,764490
4,764950,764909,764909,764904,764701
7,765080,765119,765120,765115,764912
2,765310,765329,765330,765325,765123
5,765530,765538,765541,765535,765334
3,765750,765748,765751,765746,765545
10,765950,765958,765961,765956,765756
6,766160,766167,766172,766167,765967
1,766370,766377,766382,766377,766177
8,766620,766586,766592,766587,766388
9,766800,766796,766803,766798,766599
7,767040,767006,767013,767008,766810
4,767180,767215,767224,767218,767021
5,767410,767425,767434,767429,767232
2,767640,767634,767644,767639,767443
3,767860,767844,767855,767850,767653
6,768270,768276,768269,768265,768075
10,768470,768485,768479,768475,768286
8,768690,768694,768689,768685,768497
1,768930,768903,768899,768895,768708
7,769100,769112,769109,769105,768919
9,769320,769321,769319,769315,769130
5,769520,769530,769529,769525,769340
4,769730,769739,769740,769735,769551
3,769950,769948,769950,769945,769762
2,770180,770157,770160,770155,769973
10,770340,770366,770370,770365,770184
6,770550,770575,770580,770575,770395
8,770810,770784,770790,770785,770606
7,771000,770993,771001,770995,770817
1,771180,771202,771211,771205,771027
9,771440,771411,771421,771415,771238
4,771610,771620,771631,771625,771449
5,771840,771829,771841,771835,771660
2,772030,772038,772051,772045,771871
3,772240,772247,772261,772255,772082
6,772600,772671,772673,772665,772503
10,772890,772881,772883,772875,772714
7,773070,773091,773093,773085,772925
8,773310,773300,773303,773295,773136
9,773510,773510,773512,773505,773347
1,773700,773720,773722,773715,773558
5,773940,773929,773932,773924,773769
4,774170,774139,774142,774134,773980
3,774400,774349,774352,774344,774190
2,774590,774558,774562,774554,774401
6,774730,774768,774772,774764,774612
7,774860,774978,774982,774974,774823
10,775170,775187,775192,775184,775034
8,775390,775397,775402,775394,775245
1,775570,775607,775612,775603,775456
9,775840,775816,775822,775813,775666
5,776010,776026,776032,776023,775877
3,776220,776236,776242,776233,776088
4,776470,776445,776451,776443,776299
2,776740,776655,776661,776653,776510
7,777060,777077,777075,777068,776932
6,777290,777287,777285,777278,777143
8,777420,777496,777494,777488,777353
10,777680,777705,777704,777698,777564
9,777920,777914,777914,777908,777775
1,778120,778124,778124,778118,777986
3,778360,778333,778333,778327,778197
5,778570,778542,778543,778537,778408
2,778740,778751,778753,778747,778619
4,779010,778961,778963,778957,778830
6,779160,779170,779172,779167,779040
7,779390,779379,779382,779377,779251
10,779580,779588,779592,779587,779462
8,779770,779798,779802,779797,779673
9,780010,780007,780011,780006,779884
3,780210,780216,780221,780216,780095
1,780370,780425,780431,780426,780306
5,780660,780635,780641,780636,780516
4,780840,780844,780850,780846,780727
2,781080,781053,781060,781056,780938
7,781480,781475,781475,781467,781360
6,781690,781684,781685,781677,781571
8,781850,781894,781894,781887,781782
10,782090,782103,782104,782097,781993
3,782310,782313,782313,782307,782203
9,782510,782522,782523,782517,782414
5,782720,782732,782733,782727,782625
1,782920,782941,782942,782937,782836
2,783160,783151,783152,783147,783047
4,783390,783360,783362,783357,783258
7,783560,783570,783571,783567,783469
8,783770,783779,783781,783777,783679
6,784010,783989,783991,783987,783890
3,784150,784198,784200,784197,784101
10,784410,784408,784410,784407,784312
9,784630,784617,784619,784617,784523
1,784780,784827,784829,784827,784734
5,785060,785036,785039,785037,784945
4,785250,785246,785248,785247,785156
2,785500,785455,785458,785457,785366
8,785860,785881,785878,785872,785788
7,786080,786091,786088,786082,785999
3,786250,786300,786298,786293,786210
6,786560,786510,786507,786503,786421
9,786700,786719,786717,786714,786632
10,786950,786929,786927,786924,786843
5,787160,787138,787136,787135,787053
1,787360,787348,787346,787345,787264
2,787550,787557,787556,787555,787475
4,787800,787767,787765,787766,787686
7,787980,787977,787975,787976,787897
8,788180,788186,788185,788187,788108
6,788390,788396,788394,788397,788319
3,788550,788605,788604,788607,788529
10,788800,788815,788814,788818,788740
9,789030,789024,789023,789028,788951
5,789260,789234,789233,789239,789162
2,789450,789443,789443,789449,789373
1,789640,789653,789652,789660,789584
4,789870,789862,789862,789870,789795
8,790290,790293,790288,790285,790216
7,790500,790503,790498,790496,790427
3,790690,790713,790708,790706,790638
6,790940,790923,790918,790917,790849
9,791140,791133,791128,791128,791060
10,791360,791342,791337,791339,791271
2,791550,791552,791547,791550,791482
5,791740,791762,791757,791760,791692
4,791980,791972,791967,791971,791903
1,792200,792182,792177,792182,792114
8,792410,792391,792387,792393,792325
3,792600,792601,792597,792604,792536
7,792820,792811,792806,792815,792747
9,793010,793021,793016,793025,792958
6,793260,793231,793226,793236,793169
2,793450,793440,793436,793447,793379
10,793630,793650,793646,793658,793590
5,793850,793860,793856,793869,793801
1,794060,794070,794066,794079,794012
4,794270,794280,794275,794290,794223
3,794710,794709,794707,794711,794645
8,794910,794920,794917,794922,794856
9,795140,795131,795127,795132,795066
7,795380,795342,795337,795343,795277
2,795550,795553,795548,795554,795488
6,795750,795764,795758,795764,795699
5,795960,795975,795968,795975,795910
10,796170,796185,796178,796186,796121
4,796410,796396,796388,796396,796332
1,796590,796607,796599,796607,796542
8,796830,796818,796809,796818,796753
3,796990,797029,797019,797029,796964
7,797230,797240,797229,797239,797175
9,797450,797450,797439,797450,797386
6,797650,797661,797650,797661,797597
2,797880,797872,797860,797871,797808
10,798100,798083,798070,798082,798019
5,798300,798294,798280,798293,798229
4,798510,798505,798491,798503,798440
1,798740,798716,798701,798714,798651
3,799200,799141,799123,799125,799073
8,799320,799349,799333,799335,799284
9,799540,799558,799544,799546,799495
7,799750,799767,799754,799756,799705
2,799980,799975,799964,799966,799916
6,800190,800184,800174,800177,800127
5,800380,800393,800385,800387,800338
10,800610,800602,800595,800598,800549
1,800820,800810,800805,800808,800760
4,801060,801019,801015,801018,800971
3,801230,801228,801225,801229,801182
9,801430,801436,801436,801439,801392
8,801680,801645,801646,801649,801603
2,801840,801854,801856,801860,801814
7,802050,802062,802066,802070,802025
5,802270,802271,802276,802281,802236
6,802470,802480,802487,802491,802447
10,802700,802688,802697,802701,802658
4,802860,802897,802907,802912,802869
1,803090,803106,803117,803122,803079
9,803560,803545,803538,803540,803501
3,803770,803754,803748,803750,803712
2,804000,803963,803958,803960,803923
8,804170,804173,804169,804171,804134
5,804380,804382,804379,804381,804345
7,804570,804591,804589,804591,804555
10,804800,804800,804799,804801,804766
6,805020,805010,805009,805011,804977
1,805230,805219,805219,805221,805188
4,805470,805428,805430,805431,805399
3,805590,805638,805640,805641,805610
9,805830,805847,805850,805851,805821
8,806070,806056,806060,806061,806032
2,806310,806265,806270,806271,806242
7,806450,806475,806481,806481,806453
5,806680,806684,806691,806691,806664
10,806910,806893,806901,806901,806875
1,807060,807103,807111,807112,807086
6,807310,807312,807321,807322,807297
4,807540,807521,807532,807532,807508
9,807920,807949,807945,807940,807929
3,808160,808158,808155,808150,808140
2,808410,808367,808365,808360,808351
8,808580,808576,808575,808570,808562
5,808780,808785,808785,808780,808773
7,809000,808994,808995,808990,808984
1,809180,809204,809205,809200,809195
10,809420,809413,809415,809410,809405
4,809620,809622,809625,809620,809616
6,809850,809831,809835,809830,809827
9,810030,810040,810045,810039,810038
2,810240,810249,810255,810249,810249
3,810440,810458,810465,810459,810460
5,810640,810667,810675,810669,810671
8,810850,810876,810885,810879,810882
7,811070,811086,811095,811089,811092
10,811310,811295,811305,811299,811303
1,811490,811504,811515,811509,811514
6,811760,811713,811725,811719,811725
4,811940,811922,811935,811929,811936
2,812380,812354,812350,812338,812358
9,812560,812563,812559,812549,812568
5,812780,812772,812769,812760,812779
3,813030,812981,812979,812970,812990
7,813180,813190,813189,813181,813201
8,813360,813399,813399,813392,813412
1,813550,813608,813608,813602,813623
10,813780,813816,813818,813813,813834
4,814000,814025,814028,814024,814045
6,814250,814234,814238,814234,814255
9,814470,814443,814448,814445,814466
2,814690,814652,814657,814655,814677
3,814910,814861,814867,814866,814888
5,815100,815070,815077,815077,815099
7,815300,815279,815287,815287,815310
1,815480,815487,815497,815498,815521
8,815700,815696,815706,815709,815731
10,815880,815905,815916,815919,815942
6,816070,816114,816126,816130,816153
4,816320,816323,816336,816341,816364
2,816830,816766,816766,816761,816786
9,816980,816977,816976,816972,816997
5,817220,817187,817186,817184,817208
3,817430,817398,817396,817395,817418
1,817580,817609,817606,817607,817629
7,817770,817819,817816,817818,817840
10,818020,818030,818026,818030,818051
8,818220,818240,818236,818241,818262
4,818460,818451,818447,818453,818473
6,818630,818661,818657,818664,818684
2,818890,818872,818867,818876,818895
5,819070,819083,819077,819087,819105
9,819300,819293,819287,819299,819316
3,819520,819504,819497,819510,819527
7,819730,819714,819707,819722,819738
1,819920,819925,819917,819933,819949
10,820130,820135,820127,820145,820160
4,820370,820346,820337,820356,820371
8,820560,820557,820547,820568,820581
6,820770,820767,820758,820779,820792
5,821230,821208,821195,821203,821214
2,821470,821418,821406,821414,821425
3,821690,821629,821616,821625,821636
9,821850,821839,821827,821837,821847
1,822040,822050,822037,822048,822058
7,822220,822260,822248,822259,822268
4,822480,822471,822458,822470,822479
10,822670,822681,822669,822682,822690
6,822900,822891,822879,822893,822901
8,823070,823102,823090,823104,823112
2,823300,823312,823301,823316,823323
5,823510,823523,823511,823527,823534
3,823720,823733,823722,823738,823744
1,823920,823944,823932,823950,823955
9,824180,824154,824143,824161,824166
7,824340,824365,824353,824372,824377
10,824570,824575,824564,824583,824588
4,824790,824785,824775,824795,824799
8,825010,824996,824985,825006,825010
6,825240,825206,825196,825217,825221
5,825680,825641,825624,825627,825642
2,825840,825850,825835,825838,825853
1,826020,826060,826045,826049,826064
3,826300,826270,826256,826260,826275
7,826510,826479,826467,826472,826486
9,826690,826689,826678,826683,826697
4,826900,826898,826888,826894,826908
10,827090,827108,827099,827105,827118
6,827310,827318,827310,827316,827329
8,827510,827527,827520,827527,827540
5,827730,827737,827731,827738,827751
2,827960,827947,827942,827949,827962
3,828140,828156,828153,828160,828173
1,828370,828366,828363,828371,828384
7,828600,828575,828574,828582,828594
4,828770,828785,828785,828793,828805
9,828980,828995,828996,829005,829016
6,829220,829204,829206,829216,829227
10,829380,829414,829417,829427,829438
8,829650,829623,829628,829638,829649
2,830110,830067,830055,830057,830071
5,830280,830277,830266,830269,830281
1,830500,830487,830477,830480,830492
3,830690,830696,830687,830691,830703
4,830940,830906,830898,830902,830914
7,831120,831116,831109,831113,831125
6,831330,831326,831320,831324,831336
9,831510,831536,831531,831536,831547
8,831690,831746,831742,831747,831757
10,831940,831956,831952,831958,831968
2,832200,832166,832163,832169,832179
1,832370,832376,832374,832380,832390
5,832600,832586,832585,832591,832601
3,832820,832796,832796,832803,832812
7,833020,833006,833007,833014,833023
4,833190,833216,833218,833225,833234
9,833410,833425,833428,833436,833444
6,833640,833635,833639,833647,833655
10,833850,833845,833850,833858,833866
8,834060,834055,834061,834070,834077
1,834510,834497,834484,834484,834499
2,834740,834707,834695,834695,834710
3,834960,834916,834906,834906,834921
5,835160,835126,835117,835117,835131
4,835360,835335,835327,835328,835342
7,835540,835545,835538,835539,835553
6,835740,835754,835749,835751,835764
9,835960,835964,835960,835962,835975
8,836120,836173,836171,836173,836186
10,836350,836383,836382,836384,836397
2,836590,836592,836593,836595,836607
1,836780,836802,836803,836806,836818
3,837000,837011,837014,837017,837029
4,837220,837221,837225,837228,837240
5,837430,837430,837436,837440,837451
6,837600,837640,837647,837651,837662
7,837840,837849,837858,837862,837873
8,838090,838059,838068,838073,838084
9,838290,838268,838279,838284,838294
10,838510,838478,838490,838495,838505
1,838930,838924,838913,838920,838927
2,839140,839134,839124,839131,839138
4,839350,839343,839335,839341,839349
3,839530,839553,839546,839551,839560
6,839810,839763,839757,839762,839770
5,839980,839973,839968,839972,839981
8,840160,840182,840179,840183,840192
7,840420,840392,840389,840393,840403
10,840610,840602,840600,840603,840614
9,840830,840812,840811,840814,840825
1,841040,841021,841022,841024,841036
2,841240,841231,841233,841235,841247
3,841420,841441,841444,841445,841457
4,841640,841651,841655,841655,841668
5,841850,841861,841865,841866,841879
6,842060,842070,842076,842076,842090
7,842250,842280,842287,842287,842301
8,842480,842490,842498,842497,842512
9,842710,842700,842709,842707,842723
10,842930,842909,842920,842918,842934
1,843330,843344,843326,843324,843355
2,843600,843551,843536,843533,843566
3,843760,843759,843747,843743,843777
4,843960,843966,843957,843952,843988
5,844190,844174,844167,844162,844199
6,844360,844381,844378,844371,844410
7,844570,844589,844588,844581,844620
8,844770,844796,844798,844790,844831
9,845030,845003,845009,845000,845042
10,845200,845211,845219,845209,845253
1,845400,845418,845429,845419,845464
2,845680,845626,845640,845628,845675
3,845850,845833,845850,845838,845886
4,846050,846041,846060,846047,846097
5,846260,846248,846271,846257,846307
6,846430,846455,846481,846466,846518
7,846620,846663,846691,846676,846729
8,846850,846870,846902,846885,846940
9,847080,847078,847112,847095,847151
10,847290,847285,847322,847304,847362
1,847700,847715,847727,847716,847783
2,847930,847925,847937,847925,847994
3,848100,848135,848147,848135,848205
4,848320,848346,848356,848344,848416
5,848560,848556,848566,848554,848627
6,848770,848766,848776,848763,848838
7,848940,848976,848986,848973,849049
8,849130,849186,849196,849182,849260
9,849360,849396,849406,849392,849470
10,849600,849606,849616,849601,849681
1,849820,849816,849826,849811,849892
2,850030,850026,850036,850020,850103
3,850250,850236,850246,850230,850314
4,850430,850446,850456,850439,850525
5,850660,850656,850666,850649,850736
6,850840,850866,850876,850858,850947
7,851060,851076,851086,851068,851157
8,851280,851286,851296,851277,851368
9,851550,851497,851505,851487,851579
10,851790,851707,851715,851696,851790
